Company,Title,Location,Salary_Min,Salary_Max,Skills,Link
CSC Generation,Lead Software Engineer,Remote - Canada,0,0,"software, design, python, django, technical, developer, growth, director, code, voice, manager, api, lead, senior, junior, recruiting, engineer, engineering, digital nomad",https://remoteOK.com/remote-jobs/remote-lead-software-engineer-csc-generation-1131529
Civitech,Analytics Engineer,"Austin, TX or Remote",0,0,"python, support, code, cloud, analytics, engineer, engineering, full-time",https://remoteOK.com/remote-jobs/remote-analytics-engineer-civitech-1131512
Valon Mortgage,Senior Data Engineer,,0,0,"design, saas, python, architect, technical, support, cloud, strategy, management, senior, operations, operational, analytics, reliability, go, engineer, engineering, digital nomad",https://remoteOK.com/remote-jobs/remote-senior-data-engineer-valon-mortgage-1131504
Extend,Principal Data Engineer,Remote,0,0,"design, python, technical, financial, analytics, engineer, engineering, digital nomad",https://remoteOK.com/remote-jobs/remote-principal-data-engineer-extend-1131491
Invisible Agency,3D Modeling & Python Specialist Freelance AI Trainer Project,,0,0,"python, 3d, trainer, training",https://remoteOK.com/remote-jobs/remote-3d-modeling-python-specialist-freelance-ai-trainer-project-invisible-agency-1131456
"Chime Financial, Inc",Data Governance Engineer,San Francisco,0,0,"python, technical, developer, code, leader, management, reliability, engineer, engineering, digital nomad",https://remoteOK.com/remote-jobs/remote-data-governance-engineer-chime-financial-inc-1131365
Lemon.io,Senior Full stack React Developer,,50000,210000,"javascript, react, node, python, golang, full time, full stack, dev, engineer, senior",https://remoteOK.com/remote-jobs/remote-senior-full-stack-react-developer-lemon-io-1131339
Pivotal Health,Data Engineer,Los Angeles ,160000,180000,"design, salesforce, python, technical, support, software, analyst, devops, cloud, postgresql, analytics, medical, health, healthcare, engineer, engineering, digital nomad",https://remoteOK.com/remote-jobs/remote-data-engineer-pivotal-health-1131305
Amigo,Applied AI Engineer Europe,Amsterdam,0,0,"system, python, technical, support, software, testing, code, investment, git, api, leader, operational, reliability, go, health, healthcare, engineer, engineering",https://remoteOK.com/remote-jobs/remote-applied-ai-engineer-europe-amigo-1131296
Foundation EGI,Senior CAD Backend Engineer Mechanical CAD Automation,,0,0,"design, python, 3d, senior, engineer, engineering, backend, digital nomad",https://remoteOK.com/remote-jobs/remote-senior-cad-backend-engineer-mechanical-cad-automation-foundation-egi-1131271
Junction,Data Scientist,,180000,220000,"python, technical, cloud, management, lead, analytics, health, healthcare, engineering",https://remoteOK.com/remote-jobs/remote-data-scientist-junction-1131265
Patreon,Software Engineer Identity & Access,,189000,255500,"software, security, python, support, testing, growth, code, senior, reliability, engineer, engineering",https://remoteOK.com/remote-jobs/remote-software-engineer-identity-access-patreon-1131240
Smile Digital Health,Technical Implementations Lead US,Remote US,0,0,"system, security, python, technical, support, software, javascript, java, cloud, management, lead, medical, health, healthcare, engineering",https://remoteOK.com/remote-jobs/remote-technical-implementations-lead-us-smile-digital-health-1131239
Eleks,Banking Full Stack Software Developer TSCM 43657,Poland,0,0,"developer, software, security, python, trainer, full-stack, technical, web, javascript, banking, angular, leader, senior, engineering, digital nomad",https://remoteOK.com/remote-jobs/remote-banking-full-stack-software-developer-tscm-43657-eleks-1131120
TrueML,Engineering Manager Data Platform,Remote in USA,0,0,"manager, design, system, python, architect, technical, software, code, financial, fintech, java, nosql, management, engineering, digital nomad",https://remoteOK.com/remote-jobs/remote-engineering-manager-data-platform-trueml-1131102
Anyone AI,Biology AI Training Expert,Amsterdam ,0,40,"training, python, technical, biology",https://remoteOK.com/remote-jobs/remote-biology-ai-training-expert-anyone-ai-1130953
World Golf Tour (WGT),Data Analyst,San Francisco,75000,125000,"analyst, security, python, game, technical, support, software, leader, excel, analytics",https://remoteOK.com/remote-jobs/remote-data-analyst-world-golf-tour-wgt-1130952
Fullscript,Staff Machine Learning Engineer,,0,0,"design, system, python, technical, support, code, senior, go, health, healthcare, engineer, engineering, backend, digital nomad",https://remoteOK.com/remote-jobs/remote-staff-machine-learning-engineer-fullscript-1130924
Arbiter AI,Senior Backend Engineer Integrations,New York City,0,0,"design, system, python, technical, support, financial, cloud, api, senior, operational, health, healthcare, engineer, engineering, backend, digital nomad",https://remoteOK.com/remote-jobs/remote-senior-backend-engineer-integrations-arbiter-ai-1130908
NerdWallet,Security Engineer II Canada,,123000,188000,"security, design, python, support, developer, software, test, web, javascript, financial, cloud, operational, healthcare, engineer, engineering, digital nomad",https://remoteOK.com/remote-jobs/remote-security-engineer-ii-canada-nerdwallet-1130860
SentiLink,Solutions Analytics Data Scientist,Austin,0,0,"python, technical, support, financial, fintech, analytics, go, health, engineering",https://remoteOK.com/remote-jobs/remote-solutions-analytics-data-scientist-sentilink-1130707
2K,Rigging Technical Artist NBA 2K,California,0,0,"python, game, technical, support, code, math, node, lead",https://remoteOK.com/remote-jobs/remote-rigging-technical-artist-nba-2k-2k-1130695
GHX,Senior Software Engineer Python Django PostgreSQL and Vue.js,,0,0,"python, django, software, design, saas, security, full-stack, technical, developer, testing, code, devops, cloud, git, postgresql, senior, operations, engineer, digital nomad",https://remoteOK.com/remote-jobs/remote-senior-software-engineer-python-django-postgresql-and-vue-js-ghx-1130694
ChowNow ,Senior DevOps Engineer,Remote,0,0,"design, ansible, security, python, training, support, growth, code, voice, devops, education, banking, mobile, management, senior, sales, go, health, recruiting, engineer, engineering, recruitment, linux, e-commerce, digital nomad",https://remoteOK.com/remote-jobs/remote-senior-devops-engineer-chownow-1130673
AutoDS,Backend Developer,Remote,0,0,"developer, back-end, python, reliability, backend, ecommerce, e-commerce, digital nomad",https://remoteOK.com/remote-jobs/remote-backend-developer-autods-1130651
Tenstorrent,Staff Engineer Software Release and Packaging RISC V,,0,0,"software, system, python, engineer, linux",https://remoteOK.com/remote-jobs/remote-staff-engineer-software-release-and-packaging-risc-v-tenstorrent-1130609
Anduril Industries,Early Career Software Engineer Warfighter Systems,Bellevue,0,0,"software, system, security, python, 3d, training, game, gaming, docker, technical, code, java, operational, engineer",https://remoteOK.com/remote-jobs/remote-early-career-software-engineer-warfighter-systems-anduril-industries-1130565
ComputerCare,Data Analyst II,Remote,0,0,"analyst, system, python, technical, support, excel",https://remoteOK.com/remote-jobs/remote-data-analyst-ii-computercare-1130490
Solera Health,Data Scientist,,0,0,"design, python, support, medical, health, engineering, digital nomad",https://remoteOK.com/remote-jobs/remote-data-scientist-solera-health-1130479
Magic Media,C++ Developer,,0,0,"developer, python, vfx, training, game, technical, support, programmer, software, growth, video, c++, content, go, engineering, full-time, digital nomad",https://remoteOK.com/remote-jobs/remote-c-developer-magic-media-1130444
Swayable,Research Data Scientist,Remote,0,0,"python, growth, director, strategy, content, executive",https://remoteOK.com/remote-jobs/remote-research-data-scientist-swayable-1130418
itD Tech,Software Engineer,Arizona,0,0,"software, design, python, training, support, engineer, digital nomad",https://remoteOK.com/remote-jobs/remote-software-engineer-itd-tech-1130403
Viseven,Prompt Engineer,"Remote, Ukraine",0,0,"back-end, python, engineer, engineering",https://remoteOK.com/remote-jobs/remote-prompt-engineer-viseven-1130289
Oowlish Technology,Senior Data Engineer,,0,0,"python, support, software, growth, api, management, senior, engineer",https://remoteOK.com/remote-jobs/remote-senior-data-engineer-oowlish-technology-1130284
Gametime United,Data Science Intern Pricing Analytics,United States,0,0,"python, support, test, web, mobile, strategy, analytics",https://remoteOK.com/remote-jobs/remote-data-science-intern-pricing-analytics-gametime-united-1130279
Oowlish Technology,Big Data Engineer,,0,0,"python, support, software, growth, lambda, operational, analytics, reliability, engineer",https://remoteOK.com/remote-jobs/remote-big-data-engineer-oowlish-technology-1130275
SkySlope,Data Analyst 3,Remote,0,0,"analyst, salesforce, python, technical, support, software, growth, web, payroll, financial, cloud, mongodb, junior, analytics, go, health, healthcare, apache, full-time",https://remoteOK.com/remote-jobs/remote-data-analyst-3-skyslope-1130196
Postscript,GTM Automation Engineer,,0,0,"design, jira, salesforce, python, training, architect, technical, test, ux, code, web, lead, operations, marketing, sales, engineer, ecommerce, shopify, digital nomad",https://remoteOK.com/remote-jobs/remote-gtm-automation-engineer-postscript-1130114
Banco BV,Pessoa Engenheira de Machine Learning Senior,SÃ£o Paulo,0,0,"python, senior, engineering",https://remoteOK.com/remote-jobs/remote-pessoa-engenheira-de-machine-learning-senior-banco-bv-1130106
Restaurant365,Data Analyst,Remote,0,0,"analyst, saas, python, technical, support, accounting, cloud, senior, operations, operational, excel, analytics, executive",https://remoteOK.com/remote-jobs/remote-data-analyst-restaurant365-1130099
Big Health,Product Data Analyst,Remote - US,0,0,"analyst, python, supervisor, support, growth, code, git, management, lead, analytics, go, medical, health, healthcare, engineering",https://remoteOK.com/remote-jobs/remote-product-data-analyst-big-health-1130055
Bloomreach,Senior Python Software Engineer,Slovakia,4000,0,"python, software, test, growth, financial, cloud, senior, analytics, engineer, engineering, backend",https://remoteOK.com/remote-jobs/remote-senior-python-software-engineer-bloomreach-1130047
Ren,Software Engineer,,0,0,"software, design, python, training, technical, test, code, management, engineer, digital nomad",https://remoteOK.com/remote-jobs/remote-software-engineer-ren-1130024
Kraken ,Senior Machine Learning Engineer AI Foundry,,0,0,"system, python, docker, support, code, assistant, senior, operational, engineer, engineering, backend",https://remoteOK.com/remote-jobs/remote-senior-machine-learning-engineer-ai-foundry-kraken-1129990
ZenBusiness Inc.,Senior Software Engineer,Remote,0,0,"software, react, frontend, python, full-stack, technical, code, manager, cloud, node.js, strategy, senior, engineer, engineering",https://remoteOK.com/remote-jobs/remote-senior-software-engineer-zenbusiness-inc-1129947
Point72,Site Reliability Engineer,Bengaluru,0,0,"design, system, security, python, support, devops, cloud, mongodb, operational, reliability, engineer, linux, digital nomad",https://remoteOK.com/remote-jobs/remote-site-reliability-engineer-point72-1129936
Linus Health,Site Reliability Engineer,,0,0,"system, security, python, growth, director, code, cloud, analytics, reliability, medical, health, engineer, engineering",https://remoteOK.com/remote-jobs/remote-site-reliability-engineer-linus-health-1129913
2100 NVIDIA USA,Principal Software Engineer Dynamo,"US, CA, Santa Clara",0,0,"software, design, system, python, architect, developer, code, video, api, leader, management, go, recruiting, engineer, engineering, digital nomad",https://remoteOK.com/remote-jobs/remote-principal-software-engineer-dynamo-2100-nvidia-usa-1129905
Satelligence,Junior Data Engineer,Utrecht,0,0,"design, python, django, technical, code, cloud, scheme, leader, junior, engineer, engineering, full-time, digital nomad",https://remoteOK.com/remote-jobs/remote-junior-data-engineer-satelligence-1129831
RefinedScience,Data Engineering Intern,Remote,0,0,"python, students, support, software, code, analytics, healthcare, engineering, internship",https://remoteOK.com/remote-jobs/remote-data-engineering-intern-refinedscience-1129807
BIO,Computational Biologist,,0,0,"python, technical, software, testing, qa, cloud, biotech",https://remoteOK.com/remote-jobs/remote-computational-biologist-bio-1129791
Arbol,Data Scientist,"New York City, New York",0,0,"back-end, python, support, fintech, operational, analytics, sales, health, executive, full-time, non tech",https://remoteOK.com/remote-jobs/remote-data-scientist-arbol-1129785
Raya,Senior Data Scientist,Remote,0,0,"python, technical, testing, senior, operations, excel, analytics",https://remoteOK.com/remote-jobs/remote-senior-data-scientist-raya-1129784
Swayable,Technical Support Engineer,SF,0,0,"python, technical, support, growth, director, javascript, strategy, content, engineer, engineering, executive",https://remoteOK.com/remote-jobs/remote-technical-support-engineer-swayable-1129758
Demandbase,Principal Software Engineer,,0,0,"software, design, salesforce, system, python, technical, test, growth, code, education, cloud, leader, strategy, senior, operational, marketing, analytics, recruiting, engineer, engineering, backend, digital nomad",https://remoteOK.com/remote-jobs/remote-principal-software-engineer-demandbase-1129704
Empassion,Senior Full Stack Software Engineer,"New York, NY",0,0,"software, design, system, frontend, back-end, python, django, full-stack, docker, technical, director, code, web, travel, devops, cloud, leader, strategy, management, lead, senior, operations, analytics, reliability, healthcare, engineer, engineering, digital nomad",https://remoteOK.com/remote-jobs/remote-senior-full-stack-software-engineer-empassion-1129677
Cresta,Senior Software Engineer Backend,Toronto,100000,150000,"software, design, python, technical, voice, senior, golang, engineer, engineering, backend, digital nomad",https://remoteOK.com/remote-jobs/remote-senior-software-engineer-backend-cresta-1129520
"Red Hat, Inc.",Forward Deployed Engineer AI Inference,Remote US MA,0,0,"python, training, developer, software, code, travel, cloud, leader, sales, go, health, healthcare, engineer, engineering, recruitment, backend, digital nomad",https://remoteOK.com/remote-jobs/remote-forward-deployed-engineer-ai-inference-red-hat-inc-1129504
"Bayesian Health, Inc.",Senior Software Engineer Analytics,,0,0,"software, python, technical, support, cloud, lead, senior, analytics, biotech, health, healthcare, engineer, engineering",https://remoteOK.com/remote-jobs/remote-senior-software-engineer-analytics-bayesian-health-inc-1129463
Aegis Ventures,Senior Staff AI Software Engineer,"Remote, U.S.",0,0,"software, python, technical, growth, senior, operational, health, healthcare, engineer, backend",https://remoteOK.com/remote-jobs/remote-senior-staff-ai-software-engineer-aegis-ventures-1129387
Dexterity,Security Architect,Redwood City,0,0,"security, architect, python, full-stack, docker, software, devops, c++, cloud, robotics, git, operations",https://remoteOK.com/remote-jobs/remote-security-architect-dexterity-1129385
"Railroad19, Inc",Cloud Full Stack Python Software Engineer US,U.S. Remote,0,0,"python, software, react, technical, code, serverless, cloud, nosql, angular, health, engineer, engineering, full-time",https://remoteOK.com/remote-jobs/remote-cloud-full-stack-python-software-engineer-us-railroad19-inc-1129344
Leona Health,Staff Software Engineer Backend,San Francisco ,0,0,"software, python, cto, technical, strategy, medical, health, engineer, engineering, backend",https://remoteOK.com/remote-jobs/remote-staff-software-engineer-backend-leona-health-1129305
Sayari,Data Engineer,Remote - US,60000,80000,"python, software, code, financial, investment, scala, engineer, engineering",https://remoteOK.com/remote-jobs/remote-data-engineer-sayari-1129302
Oxylabs ,Senior Web Scraping Engineer Python,Poland,0,0,"python, web, system, front-end, back-end, support, css, senior, go, engineer",https://remoteOK.com/remote-jobs/remote-senior-web-scraping-engineer-python-oxylabs-1129243
Ethena Labs,Senior Data Engineer,Globally Remote,0,0,"crypto, back-end, python, cto, technical, growth, financial, finance, serverless, cloud, strategy, senior, junior, engineer",https://remoteOK.com/remote-jobs/remote-senior-data-engineer-ethena-labs-1129163
Benzinga,Software Developer,,0,0,"golang, developer, software, python, financial, engineer, digital nomad",https://remoteOK.com/remote-jobs/remote-software-developer-benzinga-1129083
Sully.ai,Staff Software Engineer Full Stack & AI Systems,,200000,230000,"software, design, system, frontend, python, full-stack, architect, test, ui, cloud, api, admin, healthcare, engineer, engineering, digital nomad",https://remoteOK.com/remote-jobs/remote-staff-software-engineer-full-stack-ai-systems-sully-ai-1128998
Spotify,Data Engineer Revenue Platform,London,0,0,"design, system, python, music, technical, support, code, financial, finance, cloud, scala, operations, operational, engineer, engineering, recruitment, backend, digital nomad",https://remoteOK.com/remote-jobs/remote-data-engineer-revenue-platform-spotify-1128972
Cast AI,Senior Software Engineer,,0,0,"golang, software, senior, engineer",https://remoteOK.com/remote-jobs/remote-senior-software-engineer-cast-ai-1131507
GO Tutor Corps,GO virtual tutor,,0,0,"teaching, tutor, students, support, math, reliability, golang, go",https://remoteOK.com/remote-jobs/remote-go-virtual-tutor-go-tutor-corps-1131426
Join ,Full stack Staff Engineer,,0,0,"golang, design, saas, engineer, digital nomad",https://remoteOK.com/remote-jobs/remote-full-stack-staff-engineer-join-1131413
Salesforge,Senior Backend Engineer Build AI Agents,,0,0,"golang, senior, sales, engineer, backend",https://remoteOK.com/remote-jobs/remote-senior-backend-engineer-build-ai-agents-salesforge-1131292
Insider One,Senior Software Engineer Golang,"Istanbul, Turkiye",0,0,"software, design, saas, system, training, technical, testing, code, voice, senior, marketing, go, golang, health, engineer, engineering, backend, digital nomad",https://remoteOK.com/remote-jobs/remote-senior-software-engineer-golang-insider-one-1131199
Stone,Engenharia Software Engineer III Golang Elixir,Remoto,0,0,"software, golang, engineer",https://remoteOK.com/remote-jobs/remote-engenharia-software-engineer-iii-golang-elixir-stone-1130912
Cast AI,Senior Software Engineer Karpenter,,0,0,"golang, software, cloud, senior, engineer",https://remoteOK.com/remote-jobs/remote-senior-software-engineer-karpenter-cast-ai-1130741
Cast AI,Senior Software Engineer Reporting,,0,0,"golang, software, cloud, senior, engineer",https://remoteOK.com/remote-jobs/remote-senior-software-engineer-reporting-cast-ai-1130742
Too Good To Go,CX Specialist,Toronto,0,0,"golang, health, educational, non tech",https://remoteOK.com/remote-jobs/remote-cx-specialist-too-good-to-go-1130446
Go RH,Concepteur.trice produits UX UI,Province du QuÃ©bec,0,0,"ui, ux, design, tester, golang, digital nomad",https://remoteOK.com/remote-jobs/remote-concepteur-trice-produits-ux-ui-go-rh-1130342
Emma â The Sleep Company,Software Engineering Intern,Lisbon,0,0,"software, design, support, growth, devops, javascript, mobile, lead, operational, go, golang, health, engineering, backend, e-commerce, digital nomad",https://remoteOK.com/remote-jobs/remote-software-engineering-intern-emma-the-sleep-company-1129611
Stacklok,Software Engineer II Golang,Remote: Spain,0,0,"software, design, system, frontend, code, management, golang, engineer, backend, digital nomad",https://remoteOK.com/remote-jobs/remote-software-engineer-ii-golang-stacklok-1129245
2100 NVIDIA USA,Senior Systems Engineer Software,"US, CA, Remote",0,0,"software, frontend, technical, support, test, code, cloud, api, leader, senior, golang, engineer, engineering, backend",https://remoteOK.com/remote-jobs/remote-senior-systems-engineer-software-2100-nvidia-usa-1129220
Voodoo,Staff Backend Engineer Golang,,0,0,"golang, mobile, golang, engineer, backend",https://remoteOK.com/remote-jobs/remote-staff-backend-engineer-golang-voodoo-1129047
HappyCo,DevOps Engineer,Canada,0,0,"design, security, developer, devops, cloud, postgresql, mobile, management, operations, reliability, golang, engineer, engineering, recruitment, linux, educational, backend, digital nomad",https://remoteOK.com/remote-jobs/remote-devops-engineer-happyco-1129015
Everwest,Senior Golang Engineer,Not specified,0,0,"senior, operational, golang, engineer",https://remoteOK.com/remote-jobs/remote-senior-golang-engineer-everwest-1128978
Stacklok,Software Engineer II Golang,Remote: Europe,0,0,"software, system, frontend, management, golang, engineer, backend",https://remoteOK.com/remote-jobs/remote-software-engineer-ii-golang-stacklok-1128967
CYZA,Backend Go Engineer Build The Next Generation Of Global Saas & Marketplace Commerce,,0,0,"golang, saas, go, engineer, backend, e-commerce",https://remoteOK.com/remote-jobs/remote-backend-go-engineer-build-the-next-generation-of-global-saas-marketplace-commerce-cyza-1128966
Zensurance,Tech Lead,"Toronto, ON",0,0,"design, system, front-end, back-end, security, training, full-stack, docker, technical, support, software, testing, test, growth, code, web, scrum, devops, javascript, education, strategy, management, lead, senior, health, engineering, digital nomad",https://remoteOK.com/remote-jobs/remote-tech-lead-zensurance-1131509
Paperpile,Backend Engineer,,70000,110000,"ops, backend, javascript, typescript, senior",https://remoteOK.com/remote-jobs/remote-backend-engineer-paperpile-1131382
Calabrio,Engineer Software,,0,0,"software, design, c#, saas, react, frontend, security, full-stack, docker, technical, support, developer, testing, growth, ui, ux, code, scrum, qa, devops, js, java, nosql, git, api, junior, operational, analytics, health, engineer, engineering, backend, digital nomad",https://remoteOK.com/remote-jobs/remote-engineer-software-calabrio-1131345
Headway,Senior React Native Developer,,130000,200000,"engineer, mobile, javascript, react, dev, iOS, android",https://remoteOK.com/remote-jobs/remote-senior-react-native-developer-headway-1131173
Decile Group,Front End Engineer,Remote,0,0,"design, saas, front-end, software, ui, javascript, investment, css, ruby, rails, engineer, digital nomad",https://remoteOK.com/remote-jobs/remote-front-end-engineer-decile-group-1131058
Palantir Technologies,Software Engineer New Grad Production Infrastructure,"Seattle, WA",0,0,"software, design, front-end, security, teaching, technical, code, java, cloud, typescript, reliability, go, health, engineer, backend, digital nomad",https://remoteOK.com/remote-jobs/remote-software-engineer-new-grad-production-infrastructure-palantir-technologies-1130763
Creative Chaos,Senior Software Engineer React,,0,0,"react, software, design, jira, front-end, back-end, security, training, test, code, web, javascript, html, senior, engineer, engineering, digital nomad",https://remoteOK.com/remote-jobs/remote-senior-software-engineer-react-creative-chaos-1130645
Brave,Software Engineer UI,Anywhere,0,0,"software, ui, design, react, frontend, full-stack, code, web, javascript, c++, css, html, ads, mobile, engineer, engineering, digital nomad",https://remoteOK.com/remote-jobs/remote-software-engineer-ui-brave-1130515
Perforce,Senior Software Engineer I Puppet,,0,0,"software, system, security, technical, support, code, scrum, manager, devops, java, git, ruby, management, senior, engineer",https://remoteOK.com/remote-jobs/remote-senior-software-engineer-i-puppet-perforce-1130251
Bluelight Consulting,React Native Developer,"Panama City, Panama",0,0,"react, consulting, developer, ios, consultant, consultancy, software, ui, code, javascript, mobile, management, android, digital nomad",https://remoteOK.com/remote-jobs/remote-react-native-developer-bluelight-consulting-1130182
Lalamove,Senior Data Engineer,Kuala Lumpur,0,0,"technical, support, java, senior, operations, engineer, engineering, linux",https://remoteOK.com/remote-jobs/remote-senior-data-engineer-lalamove-1130136
Brillio,UI Developer R01560583,"Phoenix, Arizona, United States",0,0,"developer, ui, design, react, reactjs, consultant, web, javascript, html, angular, mobile, strategy, digital nomad",https://remoteOK.com/remote-jobs/remote-ui-developer-r01560583-brillio-1130131
Ubiminds,Senior Automation Engineer Java,Remote,0,0,"hr, system, technical, recruiter, support, software, testing, test, growth, code, java, senior, engineer, engineering, backend, full-time",https://remoteOK.com/remote-jobs/remote-senior-automation-engineer-java-ubiminds-1130093
Spry Methods,Systems Engineer Enterprise Middleware,"Washington, DC",0,0,"system, security, docker, technical, support, financial, java, cloud, management, senior, operations, operational, engineer, engineering, linux",https://remoteOK.com/remote-jobs/remote-systems-engineer-enterprise-middleware-spry-methods-1130075
Spry Methods,Senior Enterprise Middleware Engineer,"Washington, DC",0,0,"system, security, docker, technical, support, devops, financial, java, cloud, management, senior, operations, operational, engineer, engineering, linux",https://remoteOK.com/remote-jobs/remote-senior-enterprise-middleware-engineer-spry-methods-1130072
Bullish US LLC,Senior Lead Designer Web &amp; Interactive,New York,0,0,"web, design, jira, web3, crypto, react, 3d, architect, designer, technical, qa, javascript, financial, lead, content, senior, marketing, engineering, digital nomad",https://remoteOK.com/remote-jobs/remote-senior-lead-designer-web-amp-interactive-bullish-us-llc-1129708
ClearScore Technology Limited,FrontEnd Engineer,Cape Town,0,0,"frontend, react, teach, architect, scrum, javascript, node.js, junior, engineer",https://remoteOK.com/remote-jobs/remote-frontend-engineer-clearscore-technology-limited-1129691
Equip Health,Senior Software Development Engineer DevOps,,127000,159000,"software, react, system, security, training, support, developer, code, web, travel, devops, javascript, financial, serverless, cloud, mobile, strategy, senior, operational, legal, reliability, medical, health, healthcare, engineer, engineering, backend, digital nomad",https://remoteOK.com/remote-jobs/remote-senior-software-development-engineer-devops-equip-health-1129690
Evolve Tech LLC,Backend Developer,,0,0,"developer, design, frontend, technical, software, testing, ux, code, web, qa, java, cloud, nosql, git, api, management, lead, junior, operations, engineering, backend, digital nomad",https://remoteOK.com/remote-jobs/remote-backend-developer-evolve-tech-llc-1129685
CLEAR - Corporate,Senior Software Engineer Java,"New York, New York",0,0,"software, security, code, java, cloud, leader, senior, go, engineer, engineering",https://remoteOK.com/remote-jobs/remote-senior-software-engineer-java-clear-corporate-1129645
Callibrity,Senior Java Software Developer,Remote,0,0,"developer, software, consulting, technical, java, leader, lead, senior, engineering, digital nomad",https://remoteOK.com/remote-jobs/remote-senior-java-software-developer-callibrity-1129479
Ping Identity,Staff Software Engineer Java,"Vancouver, WA",100000,150000,"software, developer, java, cloud, management, engineer, digital nomad",https://remoteOK.com/remote-jobs/remote-staff-software-engineer-java-ping-identity-1129467
Tech Solutions Inc.,Software Engineer,San Francisco,80000,120000,"software, code, java, engineer",https://remoteOK.com/remote-jobs/remote-software-engineer-tech-solutions-inc-1129462
KOHO,Junior Software Developer Full Stack,,100000,130000,"developer, software, design, react, rabbitmq, frontend, docker, support, code, web, javascript, financial, cloud, git, postgresql, angular, api, mobile, senior, junior, operations, operational, go, recruitment, backend, digital nomad",https://remoteOK.com/remote-jobs/remote-junior-software-developer-full-stack-koho-1129454
Malt,Staff Software Engineer,France,0,0,"software, design, technical, support, code, java, cloud, strategy, lead, senior, operational, excel, engineer, engineering, backend, digital nomad",https://remoteOK.com/remote-jobs/remote-staff-software-engineer-malt-1129398
GHX,Software Manager Exchange,Louisville,80000,120000,"software, manager, technical, java, lambda, angular, management, lead",https://remoteOK.com/remote-jobs/remote-software-manager-exchange-ghx-1129306
MeridianLink,Full Stack Software Engineer III Angular Java,,138000,160000,"software, design, front-end, back-end, full-stack, technical, support, testing, ui, code, web, devops, java, angular, lead, senior, junior, engineer, digital nomad",https://remoteOK.com/remote-jobs/remote-full-stack-software-engineer-iii-angular-java-meridianlink-1129290
Deposco,Software Engineer Integrations,Alpharetta,0,0,"software, design, saas, amazon, front-end, back-end, ui, web, java, mysql, api, management, health, engineer, engineering, apache, e-commerce, digital nomad",https://remoteOK.com/remote-jobs/remote-software-engineer-integrations-deposco-1129282
Sumo Logic,Software Engineer I Dev Tooling,Noida,600000,1200000,"software, design, system, technical, support, developer, code, web, javascript, strategy, senior, engineer, engineering, digital nomad",https://remoteOK.com/remote-jobs/remote-software-engineer-i-dev-tooling-sumo-logic-1129266
"Rebuy, Inc.",Overnight Customer Support Engineer,,0,0,"saas, frontend, ceo, technical, recruiter, support, software, testing, test, coo, scrum, manager, javascript, html, lead, legal, engineer, ecommerce",https://remoteOK.com/remote-jobs/remote-overnight-customer-support-engineer-rebuy-inc-1129261
capital.com,Java Software Engineer,,0,0,"software, design, security, code, financial, java, operations, reliability, engineer, engineering, backend, digital nomad",https://remoteOK.com/remote-jobs/remote-java-software-engineer-capital-com-1129241
Gurobi Optimization,Software Quality Engineer,United States,0,0,"software, react, frontend, technical, test, code, web, javascript, cloud, groovy, css, engineer",https://remoteOK.com/remote-jobs/remote-software-quality-engineer-gurobi-optimization-1129177
New Relic,Technical Support Engineer Java .Net,"Boise, Idaho, USA; Denver, Colorado, USA; Jackson, Wyoming, USA; Portland, Oregon, USA; Salt Lake City, Utah, USA; Vancouver, Washington, USA",60000,120000,"technical, support, happiness, java, leader, engineer",https://remoteOK.com/remote-jobs/remote-technical-support-engineer-java-net-new-relic-1129130
Tech Innovations Inc.,Software Engineer,San Francisco,80000,120000,"software, testing, javascript, cloud, engineer",https://remoteOK.com/remote-jobs/remote-software-engineer-tech-innovations-inc-1129031
Netomi,Intern Software Development,Remote - India,0,0,"software, design, technical, code, web, java, management, backend, digital nomad",https://remoteOK.com/remote-jobs/remote-intern-software-development-netomi-1129012
XKTalent Inc. - Rimutee,FRONTEND ANGULAR SYMFONY,,0,0,"frontend, web, javascript, php, git, angular",https://remoteOK.com/remote-jobs/remote-frontend-angular-symfony-xktalent-inc-rimutee-1128971
Netomi,Intern Software Development,Remote - India,0,0,"software, design, technical, code, web, java, management, backend, digital nomad",https://remoteOK.com/remote-jobs/remote-intern-software-development-netomi-1128963
LiveKit,Staff Product Manager Enterprise,,225000,265000,"manager, technical, developer, growth, code, voice, strategy, sales, go, engineering, digital nomad",https://remoteOK.com/remote-jobs/remote-staff-product-manager-enterprise-livekit-1131531
Boom Entertainment,Customer Support Representative,Remote,0,0,"gaming, consultant, support, operations",https://remoteOK.com/remote-jobs/remote-customer-support-representative-boom-entertainment-1131530
BIS Safety Software,Marketing Copywriter,"Toronto, Ontario",0,0,"dev, copywriter, saas, system, training, technical, support, software, copywriting, growth, video, seo, strategy, management, lead, content, marketing, recruitment, digital nomad",https://remoteOK.com/remote-jobs/remote-marketing-copywriter-bis-safety-software-1131528
"Clariti Cloud, Inc.",Senior Software Engineer I,Canada,0,0,"software, saas, salesforce, senior, engineer",https://remoteOK.com/remote-jobs/remote-senior-software-engineer-i-clariti-cloud-inc-1131527
Forbright Bank,Manager Collections &amp; Recoveries,Remote,0,0,"manager, embedded, growth, financial, investment, banking, finance, bank, microsoft, strategy, management, operational, analytics, legal, go",https://remoteOK.com/remote-jobs/remote-manager-collections-amp-recoveries-forbright-bank-1131526
CipherHealth,Customer Success Manager,Remote,0,0,"manager, system, consultant, technical, software, financial, lead, senior, operations, operational, health, healthcare, executive",https://remoteOK.com/remote-jobs/remote-customer-success-manager-cipherhealth-1131525
GoFasti,1086 Digital Marketing Specialist,Remote,0,0,"marketing, part-time, non tech",https://remoteOK.com/remote-jobs/remote-1086-digital-marketing-specialist-gofasti-1131524
Forge Global,Asset Administration Operations Specialist,Denver,21,24,"travel, financial, operations, non tech",https://remoteOK.com/remote-jobs/remote-asset-administration-operations-specialist-forge-global-1131523
Rivia Mind - Mental Healthcare,Patient Operations Coordinator,Remote,0,0,"coordinator, management, operations, go, health, medical, non tech",https://remoteOK.com/remote-jobs/remote-patient-operations-coordinator-rivia-mind-mental-healthcare-1131522
Careers In Travel | Destination Planners,Fully Cruise &amp; Resort Booking Specialist,Florida,0,0,"travel, training, support, non tech",https://remoteOK.com/remote-jobs/remote-fully-cruise-amp-resort-booking-specialist-careers-in-travel-destination-planners-1131521
Spotify,Engineering Manager AI Fleet Management &amp; Honk,,0,0,"manager, design, system, architect, technical, developer, software, growth, management, lead, operational, engineering, backend, digital nomad",https://remoteOK.com/remote-jobs/remote-engineering-manager-ai-fleet-management-amp-honk-spotify-1131520
Defense Unicorns,People Operations Lead,United States,0,0,"hr, architect, support, lead, operations, operational",https://remoteOK.com/remote-jobs/remote-people-operations-lead-defense-unicorns-1131517
Greenhouse,Principal Marketing Analytics Manager,Anywhere in the United States,0,0,"manager, architect, technical, growth, investment, marketing, excel, analytics, go",https://remoteOK.com/remote-jobs/remote-principal-marketing-analytics-manager-greenhouse-1131515
Kiavi,Sales Development Representative,Remote,0,0,"security, fintech, sales",https://remoteOK.com/remote-jobs/remote-sales-development-representative-kiavi-1131514
Nava PBC,Talent Acquisition Pipeline Manager,,0,0,"manager, design, consultancy, cloud, engineering, digital nomad",https://remoteOK.com/remote-jobs/remote-talent-acquisition-pipeline-manager-nava-pbc-1131513
Rivia Mind - Mental Healthcare,Mental Health Counselor Therapist Social Worker New York,New York,0,0,"management, go, health, medical, non tech",https://remoteOK.com/remote-jobs/remote-mental-health-counselor-therapist-social-worker-new-york-rivia-mind-mental-healthcare-1131511
Pelago,Drug & Alcohol Counselor,Remote,0,0,"support, growth, c, health",https://remoteOK.com/remote-jobs/remote-drug-alcohol-counselor-pelago-1131510
Warehance,Customer Success & Support Specialist,,50000,70000,customer support,https://remoteOK.com/remote-jobs/remote-customer-success-support-specialist-warehance-1131508
Meridian Partners,Workday Payroll Consultant,Remote,0,0,"consultant, payroll, consulting",https://remoteOK.com/remote-jobs/remote-workday-payroll-consultant-meridian-partners-1131503
Hopelab,Policy Intern,Remote,0,0,"support, growth, director, voice, financial, education, strategy, content, go, health, educational, internship, part-time",https://remoteOK.com/remote-jobs/remote-policy-intern-hopelab-1131502
Geotab,Solutions Engineering Post Sales,Remote - US,0,0,"leader, operations, analytics, sales, engineering",https://remoteOK.com/remote-jobs/remote-solutions-engineering-post-sales-geotab-1131501
Profound Research,Data Entry Coordinator,Remote,0,0,"system, training, coordinator, support, testing, growth, travel, education, microsoft, management, operations, health, healthcare",https://remoteOK.com/remote-jobs/remote-data-entry-coordinator-profound-research-1131500
Solutus Legal Search,Director of Legal Operations,United States,0,0,"director, salesforce, system, cloud, management, operations, operational, legal, sales",https://remoteOK.com/remote-jobs/remote-director-of-legal-operations-solutus-legal-search-1131498
AO Garcia Agency,Tired of Your ome Being Capped Work from Home Opportunity,"El Paso, Texas",0,0,"growth, financial, video, lead",https://remoteOK.com/remote-jobs/remote-tired-of-your-ome-being-capped-work-from-home-opportunity-ao-garcia-agency-1131497
Global Elite Empire Consultants,Work From Home Client Services Associate,"Rock Springs, Wyoming",0,0,"support, growth, video, lead, excel",https://remoteOK.com/remote-jobs/remote-work-from-home-client-services-associate-global-elite-empire-consultants-1131495
Careers In Travel | Destination Planners,Online Hotel Reservations Specialist Customer Support,New York,0,0,"travel, training, support, non tech",https://remoteOK.com/remote-jobs/remote-online-hotel-reservations-specialist-customer-support-careers-in-travel-destination-planners-1131492
Correlation One,Curriculum Developer Aerospace Technician,Remote,0,0,"developer, design, amazon, training, adult, content, operations, engineering, digital nomad",https://remoteOK.com/remote-jobs/remote-curriculum-developer-aerospace-technician-correlation-one-1131490
Prolific,Accounts Assistant,"Remote, UK",0,0,"assistant, hr, consult, support, finance, non tech",https://remoteOK.com/remote-jobs/remote-accounts-assistant-prolific-1131489
Quanata,Cloud Enablement Engineer US,Remote-US,0,0,"security, technical, software, cloud, engineer, engineering",https://remoteOK.com/remote-jobs/remote-cloud-enablement-engineer-us-quanata-1131488
Subbly,Customer Success Representative,,10000,30000,"customer support, ai",https://remoteOK.com/remote-jobs/remote-customer-success-representative-subbly-1131487
EverAI,Mid Senior AI Cinematic Video Editor,,60000,100000,"ai, Video Editor, Long-form Video Content, Motion graphic design, Colour correction, ComfyUI, Stable Diffusion, AI Video Production",https://remoteOK.com/remote-jobs/remote-mid-senior-ai-cinematic-video-editor-everai-1131485
"Contact Government Services, LLC",Senior Veritas eDiscovery Platform Engineer,,0,0,"system, technical, support, growth, manager, financial, cloud, senior, legal, engineer, engineering",https://remoteOK.com/remote-jobs/remote-senior-veritas-ediscovery-platform-engineer-contact-government-services-llc-1131484
Prove,Senior Software Engineer,United States,0,0,"software, security, senior, engineer, engineering",https://remoteOK.com/remote-jobs/remote-senior-software-engineer-prove-1131482
Thermal Works,Technical Writer & Product Engineer,United States,0,0,"system, technical, writer, growth, engineer",https://remoteOK.com/remote-jobs/remote-technical-writer-product-engineer-thermal-works-1131481
Correlation One,Lead Instructor Aerospace Technician,Remote,0,0,"instructor, amazon, training, technical, management, lead, operations",https://remoteOK.com/remote-jobs/remote-lead-instructor-aerospace-technician-correlation-one-1131480
Akuity,Senior Backend Engineer,,0,0,"saas, developer, software, code, devops, senior, engineer, engineering, backend, digital nomad",https://remoteOK.com/remote-jobs/remote-senior-backend-engineer-akuity-1131479
Curaleaf,Marketing Manager Activation New York,New York,0,0,"manager, support, marketer, marketing, sales, non tech",https://remoteOK.com/remote-jobs/remote-marketing-manager-activation-new-york-curaleaf-1131478
Care Access,Central Study Coordinator Retention,USA Remote,0,0,"coordinator, education, mobile, health, non tech",https://remoteOK.com/remote-jobs/remote-central-study-coordinator-retention-care-access-1131477
Noctrix Health,Therapy Support Specialist,,0,0,"salesforce, training, consultant, support, video, leader, management, content, biology, medical, health, non tech",https://remoteOK.com/remote-jobs/remote-therapy-support-specialist-noctrix-health-1131476
Sorcero,Medical Affairs Solutions Manager UK,UK,0,0,"manager, growth, operations, biotech",https://remoteOK.com/remote-jobs/remote-medical-affairs-solutions-manager-uk-sorcero-1131475
Ascend Healthcare,Bilingual Associate Mental Health Therapist Arizona,Arizona,0,0,"support, operational, health, medical, healthcare, non tech",https://remoteOK.com/remote-jobs/remote-bilingual-associate-mental-health-therapist-arizona-ascend-healthcare-1131474
RainFocus,UI Developer,"Lehi, Utah",0,0,"developer, ui, technical, software, lead, senior, junior, engineering, branding, digital nomad",https://remoteOK.com/remote-jobs/remote-ui-developer-rainfocus-1131473
HighLevel,Software Development Engineer Backend,India,0,0,"software, saas, system, frontend, support, growth, ui, node.js, api, lead, operational, legal, reliability, go, engineer, engineering, backend",https://remoteOK.com/remote-jobs/remote-software-development-engineer-backend-highlevel-1131472
Precision AQ,Software Engineer II,India,0,0,"software, technical, support, testing, management, operations, health, engineer",https://remoteOK.com/remote-jobs/remote-software-engineer-ii-precision-aq-1131470
CyberSheath,Staff Accountant,United States,0,0,"accountant, security, accounting, financial, bank",https://remoteOK.com/remote-jobs/remote-staff-accountant-cybersheath-1131469
"Contact Government Services, LLC",Business Analyst,,0,0,"analyst, design, jira, system, security, training, technical, support, growth, voice, financial, microsoft, content, senior, operations, executive, digital nomad",https://remoteOK.com/remote-jobs/remote-business-analyst-contact-government-services-llc-1131467
New Era Technology,Product Delivery Coordinator,,0,0,"coordinator, manager, financial",https://remoteOK.com/remote-jobs/remote-product-delivery-coordinator-new-era-technology-1131465
Blackbird Health,Child and Adolescent Intake Therapist,,0,0,"medical, health, non tech",https://remoteOK.com/remote-jobs/remote-child-and-adolescent-intake-therapist-blackbird-health-1131464
Avero,Customer Success Manager,"Las Vegas, NV",0,0,"manager, saas, sales, go, non tech",https://remoteOK.com/remote-jobs/remote-customer-success-manager-avero-1131463
Airship,Recruiter,Remote - U.S.,0,0,"recruiter, test, growth, operations",https://remoteOK.com/remote-jobs/remote-recruiter-airship-1131462
Bold Business,Lead AI Engineer & Technical Architect,"India, Latin America, Philippines",0,0,"architect, technical, lead, engineer",https://remoteOK.com/remote-jobs/remote-lead-ai-engineer-technical-architect-bold-business-1131461
"Follett Software, LLC",Outside Sales Consultant Account Executive,,0,0,"consultant, education, sales, executive",https://remoteOK.com/remote-jobs/remote-outside-sales-consultant-account-executive-follett-software-llc-1131460
MANSCAPED,Manager Cost Accounting,United States,0,0,"manager, accounting, hr",https://remoteOK.com/remote-jobs/remote-manager-cost-accounting-manscaped-1131459
UHP (Unlock Human Potential),Staff Accountant,United States,0,0,"accountant, support, accounting, financial, education, microsoft, management, excel, non tech",https://remoteOK.com/remote-jobs/remote-staff-accountant-uhp-unlock-human-potential-1131458
Higharc,Software Engineer Showroom,Remote,0,0,"software, design, 3d, full-stack, support, ux, manager, api, engineer, engineering, backend, digital nomad",https://remoteOK.com/remote-jobs/remote-software-engineer-showroom-higharc-1131457
Everlaw,Product Marketing Intern,Oakland,0,0,"technical, marketing, legal, sales",https://remoteOK.com/remote-jobs/remote-product-marketing-intern-everlaw-1131454
YipitData,Product Manager Data Feeds,,0,0,"manager, technical, analyst, strategy, management, engineering",https://remoteOK.com/remote-jobs/remote-product-manager-data-feeds-yipitdata-1131452
"ShipBob, Inc.",Senior Director Fulfillment Operations,United States,0,0,"director, senior, operations",https://remoteOK.com/remote-jobs/remote-senior-director-fulfillment-operations-shipbob-inc-1131451
Everpure,Account Executive SLED,Sacramento,0,0,"design, system, security, architect, technical, education, lead, sales, educational, executive, digital nomad",https://remoteOK.com/remote-jobs/remote-account-executive-sled-everpure-1131450
Careers In Travel | Destination Planners,Travel Booking Specialist,New York,0,0,"travel, training, support, non tech",https://remoteOK.com/remote-jobs/remote-travel-booking-specialist-careers-in-travel-destination-planners-1131449
Careers In Travel | Destination Planners,Travel Booking Specialist Hotels &amp; Resorts,"Atlanta, Georgia",0,0,"travel, training, support, non tech",https://remoteOK.com/remote-jobs/remote-travel-booking-specialist-hotels-amp-resorts-careers-in-travel-destination-planners-1131448
Careers In Travel | Destination Planners,Hotel &amp; Vacation Advisor,"Atlanta, Georgia",0,0,"travel, training, non tech",https://remoteOK.com/remote-jobs/remote-hotel-amp-vacation-advisor-careers-in-travel-destination-planners-1131447
Careers In Travel | Destination Planners,Hotel Reservationist â Love Travel &amp; Build Your Dream Career,New York,0,0,"travel, support, non tech",https://remoteOK.com/remote-jobs/remote-hotel-reservationist-love-travel-amp-build-your-dream-career-careers-in-travel-destination-planners-1131446
Careers In Travel | Destination Planners,Destination Travel Specialist Flexible Hours,New York,0,0,"travel, training, support, non tech",https://remoteOK.com/remote-jobs/remote-destination-travel-specialist-flexible-hours-careers-in-travel-destination-planners-1131445
Prolific Academic Ltd,VFX Artist AI Training Vancouver Canada,Vancouver,0,0,"vfx, training, 3d, gaming, unity, technical",https://remoteOK.com/remote-jobs/remote-vfx-artist-ai-training-vancouver-canada-prolific-academic-ltd-1131439
Black Canyon Consulting,Junior Mid Full Stack Software Engineer,Bethesda,0,0,"consulting, software, graphql, system, security, docker, support, web, devops, junior, engineer, engineering, backend",https://remoteOK.com/remote-jobs/remote-junior-mid-full-stack-software-engineer-black-canyon-consulting-1131437
Black &amp; White Zebra,Social Media Growth Lead,,0,0,"growth, ceo, testing, test, manager, video, lead, content, senior, full-time",https://remoteOK.com/remote-jobs/remote-social-media-growth-lead-black-amp-white-zebra-1131434
Grant Street Group,Data Conversion Developer,United States (Remote),0,0,"developer, technical, support, code, analyst, travel, telecommuting, perl, mysql, linux, digital nomad",https://remoteOK.com/remote-jobs/remote-data-conversion-developer-grant-street-group-1131433
STR,Director of Supply Chain,Remote,0,0,"director, technical, support, lead, operational",https://remoteOK.com/remote-jobs/remote-director-of-supply-chain-str-1131432
BlastPoint,Account Executive,,0,0,"growth, financial, analytics, executive",https://remoteOK.com/remote-jobs/remote-account-executive-blastpoint-1131431
Care Access,Clinical Vendor Activation Manager,USA Remote,0,0,"manager, mobile, health, non tech",https://remoteOK.com/remote-jobs/remote-clinical-vendor-activation-manager-care-access-1131430
Concentric,Intelligence Collections Specialist UK,Hereford,0,0,"embedded, security, training, consultancy, management, executive",https://remoteOK.com/remote-jobs/remote-intelligence-collections-specialist-uk-concentric-1131429
Imagine Pediatrics,Crisis Care Manager,Remote,0,0,"manager, system, support, health, healthcare",https://remoteOK.com/remote-jobs/remote-crisis-care-manager-imagine-pediatrics-1131428
Apex Skin,Triage Medical Assistant,,0,0,"assistant, support, education, healthcare, non tech",https://remoteOK.com/remote-jobs/remote-triage-medical-assistant-apex-skin-1131427
Welo Global,Maps Visual Design Relevance Rater English,United States,29,0,"design, support, content, digital nomad",https://remoteOK.com/remote-jobs/remote-maps-visual-design-relevance-rater-english-welo-global-1131422
Sayari,Solutions Analyst,,0,0,"analyst, security, leader",https://remoteOK.com/remote-jobs/remote-solutions-analyst-sayari-1131421
Reachdesk Ltd,Account Executive Branded Merchandise Promotional Products,Atlanta,0,0,executive,https://remoteOK.com/remote-jobs/remote-account-executive-branded-merchandise-promotional-products-reachdesk-ltd-1131419
Imagine Pediatrics,Patient Navigator,,0,0,"support, travel, assistant, health, non tech",https://remoteOK.com/remote-jobs/remote-patient-navigator-imagine-pediatrics-1131418
Infiniti Group,Entry Level Crypto Market Specialist,,50000,60000,"other, finance, analyst",https://remoteOK.com/remote-jobs/remote-entry-level-crypto-market-specialist-infiniti-group-1131416
Smart Working Solutions,Digital Full Stack Engineer HR172,,0,0,"design, jira, system, frontend, security, technical, support, growth, devops, financial, cloud, operations, operational, engineer, engineering, backend, digital nomad",https://remoteOK.com/remote-jobs/remote-digital-full-stack-engineer-hr172-smart-working-solutions-1131414
JumpCloud,Vice President of Global Customer Success &amp; Support,,0,0,"saas, technical, support, growth, travel, voice, bank, leader, management, lead, operations, operational, go, health, recruitment, executive",https://remoteOK.com/remote-jobs/remote-vice-president-of-global-customer-success-amp-support-jumpcloud-1131411
Murmuration,Data Success Manager,,0,0,"manager, training, technical, support, strategy, management, lead, operational, health",https://remoteOK.com/remote-jobs/remote-data-success-manager-murmuration-1131410
SugarAI,Senior Sales Enablement Manager,US - Remote,0,0,"manager, design, saas, growth, travel, financial, investment, strategy, content, senior, marketing, excel, legal, sales, health, healthcare, educational, digital nomad",https://remoteOK.com/remote-jobs/remote-senior-sales-enablement-manager-sugarai-1131408
Geotab,Senior Software Developer Burnaby,Burnaby,0,0,"developer, software, leader, senior, operations, analytics, digital nomad",https://remoteOK.com/remote-jobs/remote-senior-software-developer-burnaby-geotab-1131407
Vonage,Strategic Business Development Consultant,Spain,0,0,"consultant, design, growth, manager, cloud, api, leader, sales, digital nomad",https://remoteOK.com/remote-jobs/remote-strategic-business-development-consultant-vonage-1131403
Haast,Founding Engineer,New York ,180000,220000,"frontend, full-stack, technical, code, voice, content, legal, reliability, engineer, engineering, backend",https://remoteOK.com/remote-jobs/remote-founding-engineer-haast-1131402
Imagine Pediatrics,Staff Data Engineer,United States,0,0,"support, operational, analytics, health, engineer",https://remoteOK.com/remote-jobs/remote-staff-data-engineer-imagine-pediatrics-1131401
Garner Health,Business Development Representative,,0,0,"system, travel, marketing, sales, medical, health, healthcare",https://remoteOK.com/remote-jobs/remote-business-development-representative-garner-health-1131400
Sanctuary Computer,Senior Frontend Developer,,100000,150000,"engineer, senior, front end, dev, exec, design",https://remoteOK.com/remote-jobs/remote-senior-frontend-developer-sanctuary-computer-1131398
Paragon,Product Marketing Lead,Los Angeles or Remote,140000,180000,"saas, technical, developer, code, api, lead, marketing, sales, engineering, digital nomad",https://remoteOK.com/remote-jobs/remote-product-marketing-lead-paragon-1131395
"Rebuy, Inc.",Sr Software Engineer B E,,0,0,"software, design, jira, saas, system, security, architect, ceo, technical, recruiter, support, growth, coo, code, voice, manager, financial, php, api, lead, go, engineer, engineering, backend, shopify, digital nomad",https://remoteOK.com/remote-jobs/remote-sr-software-engineer-b-e-rebuy-inc-1131104
D2B,Shopify Web Developer 075 D2B,,75000,90000,"developer, web, php, shopify, digital nomad",https://remoteOK.com/remote-jobs/remote-shopify-web-developer-075-d2b-d2b-1130169
MicroVentures,Senior Full Stack Developer,Texas,0,0,"developer, saas, security, full-stack, technical, software, testing, code, travel, laravel, php, nosql, git, api, senior, junior, engineering, digital nomad",https://remoteOK.com/remote-jobs/remote-senior-full-stack-developer-microventures-1130107
Cloudbeds,Senior Backend PHP Software Engineer Inventory,Minnesota,80000,120000,"software, saas, amazon, web, php, strategy, senior, operations, engineer, backend",https://remoteOK.com/remote-jobs/remote-senior-backend-php-software-engineer-inventory-cloudbeds-1129436
Cloudbeds,Senior Backend PHP Software Engineer Inventory,Michigan,80000,120000,"software, saas, amazon, web, php, strategy, senior, operations, engineer, backend",https://remoteOK.com/remote-jobs/remote-senior-backend-php-software-engineer-inventory-cloudbeds-1129435
Cloudbeds,Senior Backend PHP Software Engineer Inventory,Massachusetts,80000,120000,"software, saas, amazon, web, php, strategy, senior, operations, engineer, backend",https://remoteOK.com/remote-jobs/remote-senior-backend-php-software-engineer-inventory-cloudbeds-1129434
Life360,Senior Software Developer II Cloud,"Remote, Canada",0,0,"developer, software, cloud, php, mobile, senior, operations, go, backend, digital nomad",https://remoteOK.com/remote-jobs/remote-senior-software-developer-ii-cloud-life360-1129368
Field Nation,Software Engineer,Dhaka,0,0,"software, saas, react, docker, technical, support, growth, web, php, html, git, mysql, node.js, mobile, engineer, engineering, linux",https://remoteOK.com/remote-jobs/remote-software-engineer-field-nation-1129287
Zipdev,Mid C# Fullstack Developer,,0,0,"c#, developer, saas, training, technical, software, code, voice, devops, laravel, php, nosql, strategy, analytics, sales, engineering, backend, fullstack, digital nomad",https://remoteOK.com/remote-jobs/remote-mid-c-fullstack-developer-zipdev-1129205
Acquia,Senior Software Engineer,Pune or Delhi/NCR,0,0,"software, system, frontend, back-end, technical, code, analyst, php, angular, api, leader, senior, engineer, engineering, backend",https://remoteOK.com/remote-jobs/remote-senior-software-engineer-acquia-1128996
Insider One,Frontend Developer Vue.js,,0,0,"frontend, developer, design, saas, front-end, back-end, training, software, testing, code, web, voice, devops, laravel, cloud, css, node, marketing, go, health, digital nomad",https://remoteOK.com/remote-jobs/remote-frontend-developer-vue-js-insider-one-1131167
MicroVentures,Full Stack Developer,Texas,60000,120000,"developer, laravel, senior, engineering, digital nomad",https://remoteOK.com/remote-jobs/remote-full-stack-developer-microventures-1129364
SKELAR,Senior Tech Lead Mobile Developer Risora,Kyiv,0,0,"developer, swift, full-stack, cto, code, postgresql, node, node.js, api, mobile, lead, senior, digital nomad",https://remoteOK.com/remote-jobs/remote-senior-tech-lead-mobile-developer-risora-skelar-1131315
Wingspan,Software Engineer Payment Operations,Warsaw,0,0,"software, growth, code, payroll, finance, bank, node.js, operations, operational, reliability, health, engineer, engineering, backend",https://remoteOK.com/remote-jobs/remote-software-engineer-payment-operations-wingspan-1131116
Coderio,Senior Backend Engineer MS050KA,,0,0,"serverless, node.js, api, senior, engineer, engineering, backend",https://remoteOK.com/remote-jobs/remote-senior-backend-engineer-ms050ka-coderio-1131031
Coinme,Senior Software Engineer Developer Experience,Remote - US/LATAM/CAN,0,0,"developer, software, defi, crypto, cryptocurrency, architect, growth, financial, finance, node.js, mobile, lead, senior, engineer, fullstack, digital nomad",https://remoteOK.com/remote-jobs/remote-senior-software-engineer-developer-experience-coinme-1130340
Bolt.new,Data Analyst,,0,0,"analyst, full-stack, software, web, financial, finance, node.js, mobile, lead, analytics, go",https://remoteOK.com/remote-jobs/remote-data-analyst-bolt-new-1129944
Exadel,Middle Full Stack Software Engineer,"Krakow PL, Warsaw PL",0,0,"software, reactjs, graphql, technical, ui, web, typescript, node.js, api, mobile, engineer, engineering, backend",https://remoteOK.com/remote-jobs/remote-middle-full-stack-software-engineer-exadel-1129890
Calendly,Full Stack Engineer Contacts,Remote - US,80000,120000,"design, saas, react, front-end, technical, software, growth, web, cloud, node.js, engineer, engineering, backend, digital nomad",https://remoteOK.com/remote-jobs/remote-full-stack-engineer-contacts-calendly-1129339
Solera Health,Incident Response Engineer,Remote - USA,80000,120000,"system, front-end, software, growth, node.js, medical, health, engineer, engineering",https://remoteOK.com/remote-jobs/remote-incident-response-engineer-solera-health-1128974
Interra Health,Senior Software Engineer,Boston,127000,170000,"software, design, saas, system, frontend, teaching, technical, code, travel, education, cloud, ruby, management, lead, senior, operational, reliability, medical, health, healthcare, engineer, engineering, backend, digital nomad",https://remoteOK.com/remote-jobs/remote-senior-software-engineer-interra-health-1131380
Interra Health,Senior Software Engineer,Boston,127000,170000,"software, design, saas, system, frontend, teaching, technical, code, travel, education, cloud, ruby, management, lead, senior, operational, reliability, medical, health, healthcare, engineer, engineering, backend, digital nomad",https://remoteOK.com/remote-jobs/remote-senior-software-engineer-interra-health-1131379
Versapay,Senior Software Engineer Ruby on Rails,Canada (Remote),0,0,"software, saas, technical, developer, code, finance, fintech, ruby, rails, senior, ror, engineer, digital nomad",https://remoteOK.com/remote-jobs/remote-senior-software-engineer-ruby-on-rails-versapay-1130745
Ubiminds,Senior Full Stack Engineer Ruby React,Remote,0,0,"react, design, system, support, software, testing, code, devops, ruby, admin, senior, engineer, engineering, backend, digital nomad",https://remoteOK.com/remote-jobs/remote-senior-full-stack-engineer-ruby-react-ubiminds-1130030
Pivotal Health,Full Stack Product Engineer,Los Angeles ,180000,220000,"react, system, frontend, technical, software, ui, web, cloud, operations, operational, medical, health, healthcare, engineer, engineering, backend",https://remoteOK.com/remote-jobs/remote-full-stack-product-engineer-pivotal-health-1131314
CareerVillage.org,Frontend Engineer,"Remote, United States",0,0,"frontend, technical, software, code, web, engineer, backend, full-time",https://remoteOK.com/remote-jobs/remote-frontend-engineer-careervillage-org-1131277
Smart Working Solutions,Senior App &amp; Frontend Developer AS233,,0,0,"frontend, developer, embedded, architect, technical, testing, growth, cloud, management, senior, junior, marketing, analytics, engineering, apache, digital nomad",https://remoteOK.com/remote-jobs/remote-senior-app-amp-frontend-developer-as233-smart-working-solutions-1131268
Mighty Networks,Senior Software Engineer Payments & Monetization,,0,0,"software, frontend, full-stack, mobile, senior, engineer, backend",https://remoteOK.com/remote-jobs/remote-senior-software-engineer-payments-monetization-mighty-networks-1131254
Air Apps,Backend Engineer Rome,Rome,52000,65000,"design, graphql, frontend, support, software, testing, code, financial, cloud, git, operations, reliability, health, engineer, engineering, backend, digital nomad",https://remoteOK.com/remote-jobs/remote-backend-engineer-rome-air-apps-1131185
Xsolla,Xsolla Senior Full stack Engineer,Serbia,0,0,"design, react, system, frontend, full-stack, docker, senior, reliability, go, engineer, engineering, backend, digital nomad",https://remoteOK.com/remote-jobs/remote-xsolla-senior-full-stack-engineer-xsolla-1131072
OpenRouter,Product Designer,,0,0,"design, frontend, designer, technical, developer, growth, code, api, marketing, analytics, engineering, digital nomad",https://remoteOK.com/remote-jobs/remote-product-designer-openrouter-1130894
Ubiminds,Senior Developer Backend Search CD+E,Remote,0,0,"developer, design, hr, frontend, technical, recruiter, support, software, growth, video, cloud, api, senior, junior, engineering, apache, backend, full-time, digital nomad",https://remoteOK.com/remote-jobs/remote-senior-developer-backend-search-cd-e-ubiminds-1130881
Vannevar,Senior Frontend Engineer Frontend Platform,Remote,0,0,"frontend, developer, code, senior, engineer, digital nomad",https://remoteOK.com/remote-jobs/remote-senior-frontend-engineer-frontend-platform-vannevar-1130871
Pulley,Frontend Engineer II Core Product,Remote,0,0,"frontend, design, software, growth, web, management, engineer, backend, digital nomad",https://remoteOK.com/remote-jobs/remote-frontend-engineer-ii-core-product-pulley-1130687
Embrace,Growth Customer Success Lead,United States - East Coast,0,0,"growth, design, frontend, architect, technical, web, mobile, leader, lead, executive, digital nomad",https://remoteOK.com/remote-jobs/remote-growth-customer-success-lead-embrace-1130632
Alpaca,Senior Software Engineer Prime,,0,0,"software, crypto, system, frontend, growth, code, financial, investment, api, senior, heroku, engineer, engineering",https://remoteOK.com/remote-jobs/remote-senior-software-engineer-prime-alpaca-1130563
Yassir,Senior Mobile iOS Engineer,,0,0,"ios, design, redis, frontend, back-end, technical, code, web, financial, fintech, cloud, mobile, senior, go, engineer, engineering, digital nomad",https://remoteOK.com/remote-jobs/remote-senior-mobile-ios-engineer-yassir-1130516
Cala Health,Full Stack Software Engineer,SF Bay Area,125000,160000,"software, frontend, full-stack, medical, engineer, engineering, backend, full-time",https://remoteOK.com/remote-jobs/remote-full-stack-software-engineer-cala-health-1130372
ClickHouse,Senior Software Engineer AI ML,United States,0,0,"software, design, frontend, cloud, api, senior, engineer, backend, digital nomad",https://remoteOK.com/remote-jobs/remote-senior-software-engineer-ai-ml-clickhouse-1130326
Roofr,Senior Frontend Engineer,,120000,170000,"frontend, technical, software, code, web, senior, sales, engineer, engineering",https://remoteOK.com/remote-jobs/remote-senior-frontend-engineer-roofr-1130297
PermitFlow,Security Engineer,New York City,175000,250000,"security, frontend, architect, software, testing, cloud, management, engineer, engineering",https://remoteOK.com/remote-jobs/remote-security-engineer-permitflow-1130241
Blacklane,Senior Software Engineer Frontend,Barcelona,0,0,"frontend, software, design, react.js, front-end, technical, developer, code, senior, junior, go, engineer, digital nomad",https://remoteOK.com/remote-jobs/remote-senior-software-engineer-frontend-blacklane-1130233
Hostinger,Fullstack Automation Engineer Delivery Automation Team,,0,0,"system, frontend, full-stack, architect, support, developer, software, growth, typescript, api, health, engineer, engineering, backend, fullstack, digital nomad",https://remoteOK.com/remote-jobs/remote-fullstack-automation-engineer-delivery-automation-team-hostinger-1130201
QuillBot,Software Development Engineer I,India,0,0,"software, frontend, students, full-stack, technical, growth, code, nodejs, html, engineer, engineering",https://remoteOK.com/remote-jobs/remote-software-development-engineer-i-quillbot-1130199
Ubiminds,Senior Full Stack Software Engineer .NET Angular,Remote,0,0,"software, design, saas, hr, system, frontend, recruiter, support, testing, growth, code, web, git, angular, senior, engineer, engineering, backend, full-time, digital nomad",https://remoteOK.com/remote-jobs/remote-senior-full-stack-software-engineer-net-angular-ubiminds-1130094
Acquia,Staff Software Engineer,,0,0,"software, design, system, front-end, frontend, back-end, security, technical, test, code, analyst, angular, drupal, leader, strategy, operations, operational, engineer, recruitment, educational, digital nomad",https://remoteOK.com/remote-jobs/remote-staff-software-engineer-acquia-1130091
Aiwyn,Senior Angular Software Engineer,US based,0,0,"software, design, saas, frontend, technical, support, code, web, travel, accounting, cloud, angular, management, senior, engineer, digital nomad",https://remoteOK.com/remote-jobs/remote-senior-angular-software-engineer-aiwyn-1130070
Alpaca,Staff Frontend Engineer,,0,0,"frontend, design, crypto, react, technical, strategist, developer, financial, investment, api, leader, strategy, engineer, engineering, digital nomad",https://remoteOK.com/remote-jobs/remote-staff-frontend-engineer-alpaca-1130038
Sigma Computing,Staff Software Engineer Frontend,"San Francisco, CA",0,0,"frontend, software, design, front-end, technical, ux, typescript, engineer, engineering, backend, digital nomad",https://remoteOK.com/remote-jobs/remote-staff-software-engineer-frontend-sigma-computing-1130002
Sigma Computing,Senior Software Engineer Frontend,"San Francisco, CA",0,0,"frontend, software, design, front-end, technical, ux, typescript, senior, engineer, engineering, backend, digital nomad",https://remoteOK.com/remote-jobs/remote-senior-software-engineer-frontend-sigma-computing-1129999
DevRev,Member of Technical Staff Dev Extension {FRONTEND,Chennai,0,0,"design, embedded, system, frontend, technical, support, software, code, health, engineering, digital nomad",https://remoteOK.com/remote-jobs/remote-member-of-technical-staff-dev-extension-frontend-devrev-1129867
Ubiminds,Full Stack Engineer,Remote,0,0,"design, saas, system, frontend, support, software, code, devops, cloud, admin, engineer, engineering, backend, digital nomad",https://remoteOK.com/remote-jobs/remote-full-stack-engineer-ubiminds-1129719
Zinkworks,Senior Full Stack Engineer,,0,0,"frontend, security, technical, support, software, code, devops, financial, cloud, api, senior, junior, reliability, engineer, backend",https://remoteOK.com/remote-jobs/remote-senior-full-stack-engineer-zinkworks-1129643
Zip,Software Engineer Identity Access Management,San Francisco,0,0,"software, frontend, security, technical, web, api, management, engineer, engineering, e-commerce",https://remoteOK.com/remote-jobs/remote-software-engineer-identity-access-management-zip-1129488
Trase Systems,Senior Software Engineer Frontend Engineering,Remote,80000,120000,"frontend, software, senior, engineer, engineering",https://remoteOK.com/remote-jobs/remote-senior-software-engineer-frontend-engineering-trase-systems-1129440
MyFunded Futures,Frontend Engineer Trading Platform,Remote,0,0,"frontend, design, test, code, financial, api, engineer, backend, digital nomad",https://remoteOK.com/remote-jobs/remote-frontend-engineer-trading-platform-myfunded-futures-1129351
Mento,Frontend Product Engineer,Remote,0,0,"frontend, design, growth, engineer, engineering, digital nomad",https://remoteOK.com/remote-jobs/remote-frontend-product-engineer-mento-1129349
Arize AI,Senior Frontend Engineer,Remote,100000,150000,"frontend, react, typescript, api, senior, junior, engineer, engineering, backend",https://remoteOK.com/remote-jobs/remote-senior-frontend-engineer-arize-ai-1129336
OpenAI,Offensive Security Engineer Agent Security,,364500,490000,"security, frontend, technical, software, testing, ui, code, web, cloud, strategy, operations, operational, reliability, engineer, engineering, linux",https://remoteOK.com/remote-jobs/remote-offensive-security-engineer-agent-security-openai-1129207
CompassX Group,Full Stack Software Engineer,Remote  - CST Timezone,0,0,"software, design, react, frontend, full-stack, architect, technical, support, growth, code, lead, junior, engineer, backend, digital nomad",https://remoteOK.com/remote-jobs/remote-full-stack-software-engineer-compassx-group-1129186
ThriveCart,Frontend Engineer Editor Team,Remote,60000,120000,"frontend, saas, technical, support, code, cloud, management, sales, engineer",https://remoteOK.com/remote-jobs/remote-frontend-engineer-editor-team-thrivecart-1129181
Grow Therapy,Senior Software Engineer Client Engagement,"New York City, Seattle, San Francisco",0,0,"software, frontend, full-stack, support, api, mobile, senior, health, healthcare, engineer, engineering, backend",https://remoteOK.com/remote-jobs/remote-senior-software-engineer-client-engagement-grow-therapy-1128986
Helius,Full Stack Engineer Developer Portal,,0,0,"developer, design, web3, react, system, frontend, security, full-stack, technical, support, code, web, devops, api, lead, senior, engineer, backend, digital nomad",https://remoteOK.com/remote-jobs/remote-full-stack-engineer-developer-portal-helius-1128980
Galaxy,Vice President Senior Frontend Developer,Mumbai,0,0,"frontend, developer, web3, crypto, founder, ceo, investment, finance, leader, senior, digital nomad",https://remoteOK.com/remote-jobs/remote-vice-president-senior-frontend-developer-galaxy-1128977
"Manta Network, Powered by p0x labs",Frontend Engineer,Any,0,0,"frontend, design, web3, react, ui, web, engineer, digital nomad",https://remoteOK.com/remote-jobs/remote-frontend-engineer-manta-network-powered-by-p0x-labs-1128950
CompassX Group,Full Stack Software Engineer,Remote  - CST Timezone,0,0,"software, design, react, frontend, full-stack, architect, technical, support, growth, code, lead, junior, engineer, backend, digital nomad",https://remoteOK.com/remote-jobs/remote-full-stack-software-engineer-compassx-group-1128948
"Humata Health, Inc",Lead Engineer Provider Engineering,Winter Park,0,0,"technical, support, software, growth, code, cloud, postgresql, typescript, api, lead, junior, operational, go, health, healthcare, engineer, engineering, backend",https://remoteOK.com/remote-jobs/remote-lead-engineer-provider-engineering-humata-health-inc-1130294
Coin Market Cap Ltd,Senior Web Developer,,0,0,"developer, web, crypto, cryptocurrency, technical, support, code, typescript, mobile, senior, digital nomad",https://remoteOK.com/remote-jobs/remote-senior-web-developer-coin-market-cap-ltd-1130135
,Staff Security Engineer,"San Francisco, CA",0,0,"security, design, technical, software, code, cloud, typescript, lead, operational, engineer, engineering, digital nomad",https://remoteOK.com/remote-jobs/remote-staff-security-engineer-1129624
Teleport,Senior Full Stack Engineer,United States,0,0,"design, security, recruiter, support, code, voice, education, investment, typescript, senior, go, health, engineer, engineering, digital nomad",https://remoteOK.com/remote-jobs/remote-senior-full-stack-engineer-teleport-1129330
3Pillar,Cloud Architect NodeJs React,India,0,0,"react, architect, design, saas, technical, software, growth, code, devops, serverless, nodejs, cloud, typescript, leader, strategy, management, health, engineering, backend, digital nomad",https://remoteOK.com/remote-jobs/remote-cloud-architect-nodejs-react-3pillar-1129146
Flock Safety,Senior Software Engineer Agentic Assistant,,170000,190000,"software, assistant, design, system, security, full-stack, technical, recruiter, testing, ui, ux, web, cloud, postgresql, typescript, node, api, senior, excel, sales, reliability, health, engineer, engineering, backend, digital nomad",https://remoteOK.com/remote-jobs/remote-senior-software-engineer-agentic-assistant-flock-safety-1129046
Ibility,Integration Test Manager VHA Required,Washington DC,0,0,"test, manager, design, react, system, support, testing, administrator, operations, healthcare, digital nomad",https://remoteOK.com/remote-jobs/remote-integration-test-manager-vha-required-ibility-1131389
Envision Horizons LLC,Full Stack Developer,Remote,95000,115000,"developer, c#, amazon, react, system, front-end, technical, support, software, growth, code, web, voice, financial, css, strategy, senior, reliability, health, recruiting, engineering, recruitment, backend, ecommerce, e-commerce, digital nomad",https://remoteOK.com/remote-jobs/remote-full-stack-developer-envision-horizons-llc-1131303
OakNorth,Staff Engineer Digital Lending,London,0,0,"saas, react, security, technical, support, testing, test, growth, devops, financial, bank, cloud, lead, analytics, go, engineer, engineering",https://remoteOK.com/remote-jobs/remote-staff-engineer-digital-lending-oaknorth-1131028
CI&T,CI&T 27985 Senior AI Engineer Brazil,Brazil,0,0,"react, system, technical, software, web, api, senior, engineer, backend",https://remoteOK.com/remote-jobs/remote-cit-27985-senior-ai-engineer-brazil-cit-1130751
Pomelo Care,Software Engineer,,0,0,"software, react, front-end, technical, code, mobile, leader, health, healthcare, engineer, engineering",https://remoteOK.com/remote-jobs/remote-software-engineer-pomelo-care-1130627
Headout,Software Engineer Apps,Bengaluru,0,0,"software, design, react, system, travel, mobile, senior, engineer, engineering, digital nomad",https://remoteOK.com/remote-jobs/remote-software-engineer-apps-headout-1130216
Epoch AI,Web Developer,Remote,0,0,"developer, web, react, full-time, digital nomad",https://remoteOK.com/remote-jobs/remote-web-developer-epoch-ai-1130118
Noonlight,Software Engineer II,"Austin, Texas",0,0,"software, design, react.js, security, full-stack, code, web, api, engineer, engineering, digital nomad",https://remoteOK.com/remote-jobs/remote-software-engineer-ii-noonlight-1130003
OLIVER Agency,Social Media Manager,Kingston,0,0,"manager, react, lead, content, marketing, non tech",https://remoteOK.com/remote-jobs/remote-social-media-manager-oliver-agency-1129923
Confluent,Senior Engineer Confluent Marketplace Partner Applied Solution,,179200,210600,"design, saas, react, back-end, technical, ui, code, cloud, senior, engineer, engineering, backend, digital nomad",https://remoteOK.com/remote-jobs/remote-senior-engineer-confluent-marketplace-partner-applied-solution-confluent-1129855
JumpCloud,Senior Product Designer TÃ¼rkiye,"Ankara, TÃ¼rkiye - Remote",0,0,"design, react, embedded, system, architect, designer, technical, developer, ux, voice, bank, management, senior, android, engineering, recruitment, executive, digital nomad",https://remoteOK.com/remote-jobs/remote-senior-product-designer-turkiye-jumpcloud-1129854
Patrick J McGovern Foundation,Full Stack Developer,Remote,0,0,"developer, design, react, system, front-end, full-stack, technical, support, ui, code, web, financial, cloud, nosql, mobile, senior, junior, health, engineer, engineering, recruitment, backend, digital nomad",https://remoteOK.com/remote-jobs/remote-full-stack-developer-patrick-j-mcgovern-foundation-1129840
Orium,Senior React Native Developer,Canada,0,0,"react, developer, technical, mobile, senior, engineering, digital nomad",https://remoteOK.com/remote-jobs/remote-senior-react-native-developer-orium-1129706
MeridianLink,Software Engineer III,,117200,162800,"software, design, c#, react, system, technical, web, senior, engineer, digital nomad",https://remoteOK.com/remote-jobs/remote-software-engineer-iii-meridianlink-1129270
Tech Innovations Inc.,Software Engineer,San Francisco,80000,120000,"software, react, testing, web, engineer",https://remoteOK.com/remote-jobs/remote-software-engineer-tech-innovations-inc-1129153
Tech Solutions Inc.,Software Engineer,San Francisco,80000,120000,"software, react, code, web, engineer",https://remoteOK.com/remote-jobs/remote-software-engineer-tech-solutions-inc-1129131
Horace Mann,Software Engineer II,"Springfield, IL",60000,120000,"software, graphql, react.js, system, front-end, technical, support, code, devops, senior, junior, engineer, engineering",https://remoteOK.com/remote-jobs/remote-software-engineer-ii-horace-mann-1129121
Tech Innovations Inc.,Software Engineer,San Francisco,80000,120000,"software, react, testing, web, engineer",https://remoteOK.com/remote-jobs/remote-software-engineer-tech-innovations-inc-1129067
Darkroom,Full Stack Engineer,New York,0,0,"react, technical, software, code, devops, cloud, junior, marketing, engineer, engineering",https://remoteOK.com/remote-jobs/remote-full-stack-engineer-darkroom-1128975
Tech Solutions Inc.,Software Engineer,San Francisco,80000,120000,"software, react, testing, web, css, angular, engineer",https://remoteOK.com/remote-jobs/remote-software-engineer-tech-solutions-inc-1128962
Callibrity,Lead Front End Software Engineer,Remote,0,0,"software, design, front-end, consulting, technical, developer, angular, leader, lead, engineer, backend, digital nomad",https://remoteOK.com/remote-jobs/remote-lead-front-end-software-engineer-callibrity-1130866
3Pillar,Senior Software Engineer Angular .net,Canada,0,0,"software, design, salesforce, architect, technical, growth, code, web, cloud, angular, api, management, lead, senior, junior, health, engineer, engineering, backend, digital nomad",https://remoteOK.com/remote-jobs/remote-senior-software-engineer-angular-net-3pillar-1130366
Aiwyn,Senior Angular Software Engineer,,0,0,"software, design, saas, accounting, angular, senior, engineer, digital nomad",https://remoteOK.com/remote-jobs/remote-senior-angular-software-engineer-aiwyn-1130082
Ubiminds,Platform Architect .NET Full stack,Remote,0,0,"architect, hr, technical, recruiter, support, software, growth, angular, engineer, full-time",https://remoteOK.com/remote-jobs/remote-platform-architect-net-full-stack-ubiminds-1130069
Ubiminds,Senior Full Stack Software Engineer .NET Core Angular,Remote,0,0,"software, design, hr, system, technical, recruiter, support, testing, growth, ui, code, web, devops, cloud, css, angular, api, management, senior, engineer, engineering, backend, full-time, digital nomad",https://remoteOK.com/remote-jobs/remote-senior-full-stack-software-engineer-net-core-angular-ubiminds-1129900
MoonPay,Cloud Security Engineer,,0,0,"security, crypto, system, swift, training, technical, support, code, voice, financial, cloud, management, lead, healthcare, engineer, engineering",https://remoteOK.com/remote-jobs/remote-cloud-security-engineer-moonpay-1130923
MoonPay,Senior Security Engineer Automation,,0,0,"security, crypto, system, swift, training, technical, support, software, voice, financial, cloud, api, strategy, management, senior, operational, excel, healthcare, engineer, engineering, backend",https://remoteOK.com/remote-jobs/remote-senior-security-engineer-automation-moonpay-1130921
Mercier Consultancy Group,Spanish Speaking Customer Service Agent For Electronics Company Work Greece,,0,0,"consulting, system, swift, consultancy, support, software",https://remoteOK.com/remote-jobs/remote-spanish-speaking-customer-service-agent-for-electronics-company-work-greece-mercier-consultancy-group-1130897
Signifyd,Senior Enterprise Customer Success Manager,United States,0,0,"manager, swift, management, senior, executive",https://remoteOK.com/remote-jobs/remote-senior-enterprise-customer-success-manager-signifyd-1129983
LINQ,Software Engineer,,0,0,"software, swift, students, growth, payroll, operations, go, engineer",https://remoteOK.com/remote-jobs/remote-software-engineer-linq-1129969
TENEX.AI,Territory Account Manager,,0,0,"manager, saas, security, technical, growth, travel, devops, cloud, sales, engineering, executive",https://remoteOK.com/remote-jobs/remote-territory-account-manager-tenex-ai-1131323
Sumo Logic,Account Executive III,Melbourne,0,0,"saas, salesforce, security, technical, web, devops, cloud, management, lead, analytics, sales, executive",https://remoteOK.com/remote-jobs/remote-account-executive-iii-sumo-logic-1131287
WISE INTEGRATION,Freelance Senior Full Stack Software Architect and Collateral Management Specialist,Remote,0,0,"architect, software, design, training, full-stack, technical, support, code, devops, management, lead, senior, digital nomad",https://remoteOK.com/remote-jobs/remote-freelance-senior-full-stack-software-architect-and-collateral-management-specialist-wise-integration-1131166
CloudWalk,Senior Engineer Platform Devops,SÃ£o Paulo,0,0,"security, technical, programmer, code, assistant, devops, cloud, senior, operational, engineer, engineering",https://remoteOK.com/remote-jobs/remote-senior-engineer-platform-devops-cloudwalk-1131081
SharkNinja,Platform Administrator,,0,0,"design, amazon, system, support, growth, devops, cloud, administrator, digital nomad",https://remoteOK.com/remote-jobs/remote-platform-administrator-sharkninja-1130943
MinIO,Site Reliability Engineer US West,,0,0,"software, devops, leader, reliability, engineer, engineering",https://remoteOK.com/remote-jobs/remote-site-reliability-engineer-us-west-minio-1130893
iCapital,DevOps Database Assistant Vice President,Salt Lake City,0,0,"assistant, security, testing, devops, nosql, postgresql, mongodb, operational, engineer",https://remoteOK.com/remote-jobs/remote-devops-database-assistant-vice-president-icapital-1130799
Life360,Staff DevOps Engineer,,0,0,"security, devops, mobile, engineer, apache",https://remoteOK.com/remote-jobs/remote-staff-devops-engineer-life360-1130783
Graphcore,Engineering Manager Workload Management,GdaÅsk,350700,474400,"manager, technical, software, devops, management, engineering",https://remoteOK.com/remote-jobs/remote-engineering-manager-workload-management-graphcore-1130779
Pavago,Senior Backend Engineer,,0,0,"design, c#, saas, system, founder, technical, recruiter, code, devops, mongodb, api, strategy, lead, senior, analytics, reliability, health, engineer, engineering, linux, backend, digital nomad",https://remoteOK.com/remote-jobs/remote-senior-backend-engineer-pavago-1130738
"Crunchyroll, LLC",Staff DevOps Engineer,Los Angeles,0,0,"support, software, devops, cloud, lead, content, reliability, engineer, engineering",https://remoteOK.com/remote-jobs/remote-staff-devops-engineer-crunchyroll-llc-1130679
MEMX,DevOps Engineer,Georgia; Singapore; Sri Lanka; Uzbekistan,0,0,"system, security, software, devops, operations, operational, engineer, linux",https://remoteOK.com/remote-jobs/remote-devops-engineer-memx-1130637
Kunai,Senior Cloud Engineer,United States,0,0,"full-stack, devops, financial, fintech, cloud, senior, engineer",https://remoteOK.com/remote-jobs/remote-senior-cloud-engineer-kunai-1130626
Nearform,Technical Lead DevOps,Italy,0,0,"technical, devops, lead, senior, engineering",https://remoteOK.com/remote-jobs/remote-technical-lead-devops-nearform-1130443
InfStones,DevOps Engineer,Texas,0,0,"amazon, web3, system, security, support, software, testing, test, code, qa, devops, serverless, cloud, git, node, administrator, management, reliability, engineer, linux, full-time",https://remoteOK.com/remote-jobs/remote-devops-engineer-infstones-1130436
Ubiminds,Mid Level DevOps Engineer CI CD Optimization,Remote,0,0,"design, hr, system, security, docker, recruiter, support, developer, software, growth, code, devops, management, reliability, engineer, engineering, full-time, digital nomad",https://remoteOK.com/remote-jobs/remote-mid-level-devops-engineer-ci-cd-optimization-ubiminds-1130430
Ping Identity,Senior Manager Site Reliability Engineer,USA,0,0,"manager, saas, devops, cloud, senior, operations, operational, reliability, engineer",https://remoteOK.com/remote-jobs/remote-senior-manager-site-reliability-engineer-ping-identity-1130380
Ping Identity,Senior Site Reliability Engineer,USA,0,0,"design, software, devops, cloud, senior, operations, reliability, engineer, digital nomad",https://remoteOK.com/remote-jobs/remote-senior-site-reliability-engineer-ping-identity-1130376
Accenture Federal Services,Cloud Engineer,"Chantilly, VA",0,0,"design, security, training, technical, support, code, devops, cloud, lead, operations, operational, health, engineer, engineering, digital nomad",https://remoteOK.com/remote-jobs/remote-cloud-engineer-accenture-federal-services-1130301
Parloa,Forward Deployed Engineer DevOps,New York,0,0,"technical, code, devops, cloud, health, engineer, engineering",https://remoteOK.com/remote-jobs/remote-forward-deployed-engineer-devops-parloa-1130194
Alpaca,Senior Software Engineer India,,0,0,"software, crypto, technical, devops, financial, investment, api, leader, management, senior, operations, engineer, engineering",https://remoteOK.com/remote-jobs/remote-senior-software-engineer-india-alpaca-1130162
Versaterm,DevSecOps Engineer DroneSense,U.S.,0,0,"security, growth, devops, engineer, engineering",https://remoteOK.com/remote-jobs/remote-devsecops-engineer-dronesense-versaterm-1130147
Anduril Industries,Senior DevOps Engineer,Reston,0,0,"ansible, system, security, 3d, software, testing, code, devops, lead, senior, operations, engineer, engineering",https://remoteOK.com/remote-jobs/remote-senior-devops-engineer-anduril-industries-1130139
Higher Logic,DevOps Engineer,"Remote-Ontario, Quebec",0,0,"saas, technical, devops, engineer, engineering, full-time",https://remoteOK.com/remote-jobs/remote-devops-engineer-higher-logic-1130083
MrBeast,QA Engineer,Los Angeles,0,0,"testing, test, qa, devops, content, senior, engineer",https://remoteOK.com/remote-jobs/remote-qa-engineer-mrbeast-1129980
2100 NVIDIA USA,Senior DevOps Architect,"US, CA, Santa Clara",0,0,"architect, design, embedded, system, support, software, test, devops, cloud, nosql, mobile, leader, management, lead, senior, operations, analytics, recruiting, digital nomad",https://remoteOK.com/remote-jobs/remote-senior-devops-architect-2100-nvidia-usa-1129909
Quantum Metric,Account Executive Italian Speaking,Madrid,0,0,"saas, training, support, devops, financial, education, leader, lead, android, sales, recruitment, executive, ecommerce",https://remoteOK.com/remote-jobs/remote-account-executive-italian-speaking-quantum-metric-1129656
Caylent,Senior Account Executive,Texas,0,0,"amazon, security, training, technical, test, web, travel, devops, cloud, lead, senior, sales, executive",https://remoteOK.com/remote-jobs/remote-senior-account-executive-caylent-1129625
Tenstorrent,Staff Software Engineer Cloud Infrastructure,United States,0,0,"software, devops, cloud, operational, reliability, engineer, engineering, linux, backend",https://remoteOK.com/remote-jobs/remote-staff-software-engineer-cloud-infrastructure-tenstorrent-1129615
MinIO,Site Reliability Engineer South Korea,,0,0,"software, devops, leader, reliability, engineer, engineering",https://remoteOK.com/remote-jobs/remote-site-reliability-engineer-south-korea-minio-1129550
"Envoy Global, Inc.",DevOps Lead Engineer,Chicago IL,100000,150000,"design, security, infosec, software, devops, cloud, lead, operational, engineer, engineering, digital nomad",https://remoteOK.com/remote-jobs/remote-devops-lead-engineer-envoy-global-inc-1129539
Udemy,Principal DevOps Engineer Datastores,"Austin, TX; Denver, CO",0,0,"security, students, growth, devops, lead, engineer, engineering",https://remoteOK.com/remote-jobs/remote-principal-devops-engineer-datastores-udemy-1129538
Sony Interactive Entertainment,Software Engineer II DevOps,Waterloo,0,0,"software, system, technical, support, developer, devops, cloud, leader, management, operations, operational, engineer, engineering, digital nomad",https://remoteOK.com/remote-jobs/remote-software-engineer-ii-devops-sony-interactive-entertainment-1129528
"LE018 Zelis Healthcare, LLC",Kubernetes Engineer,US NJ Morristown,0,0,"design, amazon, system, security, architect, technical, support, developer, devops, financial, cloud, node, strategy, management, lead, operational, reliability, health, healthcare, engineer, engineering, recruitment, full-time, digital nomad",https://remoteOK.com/remote-jobs/remote-kubernetes-engineer-le018-zelis-healthcare-llc-1129527
Bugcrowd,DevOps Engineer,Remote - India,0,0,"system, security, support, manager, devops, cloud, management, operational, reliability, health, engineer, engineering",https://remoteOK.com/remote-jobs/remote-devops-engineer-bugcrowd-1129509
Bugcrowd,Senior DevOps Engineer,Remote - India,0,0,"system, security, devops, cloud, senior, operational, reliability, engineer, engineering",https://remoteOK.com/remote-jobs/remote-senior-devops-engineer-bugcrowd-1129508
Bugcrowd,Staff DevOps Engineer,Remote - India,0,0,"design, security, developer, software, devops, cloud, strategy, lead, engineer, engineering, digital nomad",https://remoteOK.com/remote-jobs/remote-staff-devops-engineer-bugcrowd-1129507
Paradigm Health,Senior Infrastructure Engineer,Remote - United States,0,0,"security, devops, cloud, senior, medical, healthcare, engineer, engineering",https://remoteOK.com/remote-jobs/remote-senior-infrastructure-engineer-paradigm-health-1129369
Redwood Materials,DevOps Software Engineer Energy Storage,San Francisco,100000,150000,"software, growth, web, devops, operations, engineer",https://remoteOK.com/remote-jobs/remote-devops-software-engineer-energy-storage-redwood-materials-1129354
Little Thinking Minds,Senior DevOps Engineer,Amman,60000,90000,"security, students, architect, technical, support, devops, cloud, lead, senior, junior, operational, engineer",https://remoteOK.com/remote-jobs/remote-senior-devops-engineer-little-thinking-minds-1129296
Omada Health,Senior Software Engineer Platform,"Remote, USA",100000,150000,"software, design, technical, support, devops, cloud, senior, operational, medical, health, healthcare, engineer, engineering, digital nomad",https://remoteOK.com/remote-jobs/remote-senior-software-engineer-platform-omada-health-1129228
Inkitt,Senior DevOps Engineer,Remote Mexico City,0,0,"redis, system, security, support, devops, elasticsearch, c, cloud, postgresql, senior, analytics, reliability, engineer, backend",https://remoteOK.com/remote-jobs/remote-senior-devops-engineer-inkitt-1129224
Heartflow,Staff DevOps Engineer,San Francisco,100000,150000,"3d, test, devops, management, healthcare, engineer",https://remoteOK.com/remote-jobs/remote-staff-devops-engineer-heartflow-1129216
Goodnotes,Senior Backend Engineer,Europe & Asia,60000,120000,"support, qa, devops, cloud, senior, engineer, backend",https://remoteOK.com/remote-jobs/remote-senior-backend-engineer-goodnotes-1129185
Alpaca,Senior DevOps Engineer,Remote - Global (Anywhere),100000,150000,"crypto, code, devops, financial, investment, c, cloud, api, management, senior, engineer, engineering",https://remoteOK.com/remote-jobs/remote-senior-devops-engineer-alpaca-1129119
DV Labs,Technical Customer Success Manager,"Lisbon, Portugal",0,0,"manager, ethereum, game, technical, support, developer, software, devops, financial, cloud, node, engineer, engineering, digital nomad",https://remoteOK.com/remote-jobs/remote-technical-customer-success-manager-dv-labs-1129095
InfStones,Senior Application Engineer,Texas,0,0,"design, web3, system, technical, software, growth, code, devops, cloud, node, leader, management, lead, senior, junior, engineer, engineering, backend, full-time, digital nomad",https://remoteOK.com/remote-jobs/remote-senior-application-engineer-infstones-1129086
InfStones,DevOps Engineer,Texas,0,0,"amazon, web3, system, security, support, software, testing, test, code, qa, devops, serverless, cloud, git, node, administrator, management, reliability, engineer, linux, full-time",https://remoteOK.com/remote-jobs/remote-devops-engineer-infstones-1129074
Weekday AI,DevOps Engineer Weekday AI,India,1200000,1800000,"devops, engineer",https://remoteOK.com/remote-jobs/remote-devops-engineer-weekday-ai-weekday-ai-1128949
Tether Operations Limited,Technical Project Manager,,0,0,"manager, design, bitcoin, system, security, technical, support, software, testing, test, growth, code, devops, financial, fintech, api, leader, management, lead, ops, recruitment, digital nomad",https://remoteOK.com/remote-jobs/remote-technical-project-manager-tether-operations-limited-1128945
fastino.ai,AI Engineer,,0,0,"docker, ceo, developer, api, operational, reliability, engineer, engineering, digital nomad",https://remoteOK.com/remote-jobs/remote-ai-engineer-fastino-ai-1130360
Fluxon,Senior Software Engineer,Lisbon,0,0,"software, design, docker, c++, scala, lead, senior, engineer, digital nomad",https://remoteOK.com/remote-jobs/remote-senior-software-engineer-fluxon-1129564
Fluxon,Senior Software Engineer,Hyderabad,0,0,"software, design, docker, c++, scala, lead, senior, engineer, digital nomad",https://remoteOK.com/remote-jobs/remote-senior-software-engineer-fluxon-1129563
Fluxon,Senior Software Engineer,Bengaluru,0,0,"software, design, docker, c++, scala, lead, senior, engineer, digital nomad",https://remoteOK.com/remote-jobs/remote-senior-software-engineer-fluxon-1129558
Fluxon,Senior Software Engineer,Gurgaon,0,0,"software, design, docker, c++, scala, lead, senior, engineer, digital nomad",https://remoteOK.com/remote-jobs/remote-senior-software-engineer-fluxon-1129556
Fluxon,Senior Software Engineer,Poland,0,0,"software, design, docker, c++, scala, lead, senior, engineer, digital nomad",https://remoteOK.com/remote-jobs/remote-senior-software-engineer-fluxon-1129555
AnsibleHealth Inc.,Data Scientist,New York,0,0,"amazon, ansible, support, operational, analytics, health, healthcare, non tech",https://remoteOK.com/remote-jobs/remote-data-scientist-ansiblehealth-inc-1129064
Andromeda Cluster,Senior Site Reliability Engineer AI Infrastructure,San Francisco,0,0,"design, training, technical, software, code, manager, financial, cloud, management, lead, senior, operations, reliability, go, health, engineer, engineering, linux, digital nomad",https://remoteOK.com/remote-jobs/remote-senior-site-reliability-engineer-ai-infrastructure-andromeda-cluster-1131375
Copia Automation,Lead Security Engineer,New York City,0,0,"security, design, saas, support, developer, cloud, api, management, lead, senior, operations, operational, healthcare, engineer, engineering, linux, executive, digital nomad",https://remoteOK.com/remote-jobs/remote-lead-security-engineer-copia-automation-1130876
MariaDB plc,Database Administrator Cloud,Dominican Republic,0,0,"design, technical, travel, telecommuting, bank, cloud, dba, administrator, health, blogging, linux, digital nomad",https://remoteOK.com/remote-jobs/remote-database-administrator-cloud-mariadb-plc-1130260
Anduril Industries,Software QA Engineer,"Lexington, Massachusetts",0,0,"software, system, security, 3d, testing, test, qa, git, engineer, linux",https://remoteOK.com/remote-jobs/remote-software-qa-engineer-anduril-industries-1129970
Achievers,Staff Site Reliability Engineer,Canada,0,0,"design, security, architect, technical, support, software, code, voice, financial, cloud, management, lead, operational, reliability, engineer, engineering, recruitment, linux, full-time, digital nomad",https://remoteOK.com/remote-jobs/remote-staff-site-reliability-engineer-achievers-1129874
Restaurant365,Site Reliability Engineer II,Remote,0,0,"saas, system, security, technical, support, web, accounting, cloud, management, operations, operational, reliability, engineer, engineering, apache, linux",https://remoteOK.com/remote-jobs/remote-site-reliability-engineer-ii-restaurant365-1129863
MariaDB plc,Enterprise Account Executive,Remote - US,0,0,"technical, software, travel, bank, cloud, management, senior, sales, linux, executive",https://remoteOK.com/remote-jobs/remote-enterprise-account-executive-mariadb-plc-1129819
Jito Labs,Staff Systems Engineer Low Latency &amp; Networking,USA,0,0,"technical, c, c++, assembly, senior, health, engineer, linux",https://remoteOK.com/remote-jobs/remote-staff-systems-engineer-low-latency-amp-networking-jito-labs-1129794
Thumbtack,Software Engineer Site Reliability Engineer,"Remote, Ontario",100000,150000,"software, design, support, developer, code, reliability, engineer, engineering, linux, backend, digital nomad",https://remoteOK.com/remote-jobs/remote-software-engineer-site-reliability-engineer-thumbtack-1129471
Teleport,Senior Backend Software Engineer,United States,0,0,"software, security, recruiter, code, education, cloud, senior, go, health, engineer, engineering, linux, backend",https://remoteOK.com/remote-jobs/remote-senior-backend-software-engineer-teleport-1129355
DeepIntent,Systems Infrastructure Engineer,"Banja Luka, Bosnia or Belgrade, Serbia",60000,90000,"system, security, technical, support, software, cloud, operational, healthcare, engineer, linux",https://remoteOK.com/remote-jobs/remote-systems-infrastructure-engineer-deepintent-1129184
InfStones,Blockchain Site Reliability Engineer,Texas,0,0,"web3, solidity, system, technical, node, management, operational, reliability, engineer, engineering, linux, full-time",https://remoteOK.com/remote-jobs/remote-blockchain-site-reliability-engineer-infstones-1128989
Redis,Technical Support L3 Weekends,,91455,137273,"redis, sysadmin, technical, support, software, code, voice, cloud, nosql, reliability, health, engineer, engineering, recruitment",https://remoteOK.com/remote-jobs/remote-technical-support-l3-weekends-redis-1131106
"Okta, Inc.",Senior Database Reliability Engineer,,0,0,"security, postgresql, senior, reliability, engineer",https://remoteOK.com/remote-jobs/remote-senior-database-reliability-engineer-okta-inc-1130537
Oowlish Technology,Senior Data Engineer,,0,0,"support, software, growth, cloud, postgresql, senior, analytics, engineer, engineering, apache",https://remoteOK.com/remote-jobs/remote-senior-data-engineer-oowlish-technology-1130027
Tiger Data,Senior Platform Engineer Postgres Specialist,,0,0,"cloud, postgresql, senior, operational, engineer, educational, full-time",https://remoteOK.com/remote-jobs/remote-senior-platform-engineer-postgres-specialist-tiger-data-1129770
Eleventh Hour Games,Senior Sound Designer,,0,0,"unity, designer, senior",https://remoteOK.com/remote-jobs/remote-senior-sound-designer-eleventh-hour-games-1130624
Splice,Senior Manager Engineering,,0,0,"manager, music, unity, support, director, leader, lead, senior, engineering",https://remoteOK.com/remote-jobs/remote-senior-manager-engineering-splice-1129881
Fox GLobal Assets,Crypto Trader,,40000,60000,"finance, education, crypto, legal, junior, web3, blockchain, defi, part time, other, stats, ops",https://remoteOK.com/remote-jobs/remote-crypto-trader-fox-global-assets-1131243
Criptoro,Data Analyst,,70000,80000,"other, analyst, crypto, defi, blockchain, web3",https://remoteOK.com/remote-jobs/remote-data-analyst-criptoro-1131219
Fox GLobal Assets,Crypto Trader,,40000,60000,"finance, education, crypto, legal, junior, web3, blockchain, defi, part time, other, ops, stats",https://remoteOK.com/remote-jobs/remote-crypto-trader-fox-global-assets-1131163
