Title,Company,Salary,Region,Link
Вакансии,Поиск вакансий в Иннополисе,Работа в Иннополисе,Россия,https://www.superjob.ru/vakansii/
Инженер-программист,Не указана,По договоренности,Россия,https://www.superjob.ruhttps://kazan.superjob.ru/vakansii/inzhener-programmist-51809011.html
Руководитель проекта,Не указана,По договоренности,Россия,https://www.superjob.ruhttps://kazan.superjob.ru/vakansii/rukovoditel-proekta-51130401.html
Инженер-программист,Не указана,По договоренности,Россия,https://www.superjob.ruhttps://kazan.superjob.ru/vakansii/inzhener-programmist-51823898.html
"Программист C++, Phyton по контракту",Не указана,По договоренности,Россия,https://www.superjob.ruhttps://kazan.superjob.ru/vakansii/programmist-c-51870247.html
Системный администратор ЦОД,Не указана,По договоренности,Россия,https://www.superjob.ruhttps://ufa.superjob.ru/vakansii/sistemnyj-administrator-cod-51698092.html
Администратор баз данных (DBA) PostgreSQL,Не указана,По договоренности,Россия,https://www.superjob.ruhttps://ufa.superjob.ru/vakansii/administrator-baz-dannyh-51878000.html
Системный администратор Linux,Не указана,По договоренности,Россия,https://www.superjob.ruhttps://ufa.superjob.ru/vakansii/sistemnyj-administrator-linux-51877985.html
Руководитель направления корпоративных рейтинговых моделей,Не указана,По договоренности,Россия,https://www.superjob.ruhttps://ufa.superjob.ru/vakansii/rukovoditel-napravleniya-korporativnyh-rejtingovyh-modelej-51901931.html
Администратор баз данных (DBA) MSSQL,Не указана,По договоренности,Россия,https://www.superjob.ruhttps://ufa.superjob.ru/vakansii/administrator-baz-dannyh-51877987.html
Программист АСУТП,Не указана,По договоренности,Россия,https://www.superjob.ruhttps://tambov.superjob.ru/vakansii/programmist-asutp-51780741.html
"Программист C++, Phyton по контракту",Не указана,По договоренности,Россия,https://www.superjob.ruhttps://www.superjob.ru/vakansii/programmist-c-51870248.html
Python Developer (Middle/Senior),Не указана,По договоренности,Россия,https://www.superjob.ruhttps://sovhoz-imeni-lenina.superjob.ru/vakansii/python-developer-51954509.html
QA,Не указана,По договоренности,Россия,https://www.superjob.ruhttps://sovhoz-imeni-lenina.superjob.ru/vakansii/qa-51834254.html
Младший менеджер проектов,Не указана,По договоренности,Россия,https://www.superjob.ruhttps://www.superjob.ru/vakansii/mladshij-menedzher-proektov-51690993.html
Стажер инженер доступности,Не указана,Стажер инженер доступности,Россия,https://www.superjob.ruhttps://www.superjob.ru/vakansii/stazher-inzhener-dostupnosti-51886635.html
Техник по техническому обслуживанию (обслуживание вещательного оборудования),Не указана,Техник по техническому обслуживанию (обслуживание вещательного оборудования),Россия,https://www.superjob.ruhttps://www.superjob.ru/vakansii/tehnik-po-tehnicheskomu-obsluzhivaniyu-51905385.html
Стажер в отдел продуктовой разработки,Не указана,Стажер в отдел продуктовой разработки,Россия,https://www.superjob.ruhttps://www.superjob.ru/vakansii/stazher-v-otdel-produktovoj-razrabotki-51905379.html
Стажер DATA SCIENTIST,Не указана,По договоренности,Россия,https://www.superjob.ruhttps://www.superjob.ru/vakansii/stazher-data-scientist-51692814.html
Стажер-специалист по искусственному интеллекту,Не указана,По договоренности,Россия,https://www.superjob.ruhttps://www.superjob.ru/vakansii/stazher-specialist-po-iskusstvennomu-intellektu-51865215.html
Специалист по тестированию,Не указана,По договоренности,Россия,https://www.superjob.ruhttps://www.superjob.ru/vakansii/specialist-po-testirovaniyu-51668541.html
Стажер направления Генеративный ИИ,Не указана,По договоренности,Россия,https://www.superjob.ruhttps://www.superjob.ru/vakansii/stazher-napravleniya-generativnyj-ii-51919034.html
Специалист по качеству данных,Не указана,По договоренности,Россия,https://www.superjob.ruhttps://www.superjob.ru/vakansii/specialist-po-kachestvu-dannyh-51921967.html
Начальник отдела разработки (IT),Не указана,Начальник отдела разработки (IT),Россия,https://www.superjob.ruhttps://www.superjob.ru/vakansii/nachalnik-otdela-razrabotki-51824478.html
Стажер отдела операционной деятельности цифровых медиа,Не указана,Стажер отдела операционной деятельности цифровых медиа,Россия,https://www.superjob.ruhttps://www.superjob.ru/vakansii/stazher-otdela-operacionnoj-deyatelnosti-cifrovyh-media-51782497.html
Data Scientist,Не указана,По договоренности,Россия,https://www.superjob.ruhttps://www.superjob.ru/vakansii/data-scientist-51904968.html
Стажер системный инженер (BigData),Не указана,По договоренности,Россия,https://www.superjob.ruhttps://www.superjob.ru/vakansii/stazher-sistemnyj-inzhener-51760926.html
Аналитик по продуктам,Не указана,По договоренности,Россия,https://www.superjob.ruhttps://www.superjob.ru/vakansii/analitik-po-produktam-51720162.html
Программист,Не указана,По договоренности,Россия,https://www.superjob.ruhttps://www.superjob.ru/vakansii/programmist-50596529.html
Инженер по искусственному интеллекту,Не указана,По договоренности,Россия,https://www.superjob.ruhttps://www.superjob.ru/vakansii/inzhener-po-iskusstvennomu-intellektu-51824510.html
Стажер по машинному обучению,Не указана,По договоренности,Россия,https://www.superjob.ruhttps://www.superjob.ru/vakansii/stazher-po-mashinnomu-obucheniyu-51742361.html
Аналитик антифрода L3,Не указана,По договоренности,Россия,https://www.superjob.ruhttps://www.superjob.ru/vakansii/analitik-antifroda-l3-51921374.html
Системный инженер,Не указана,По договоренности,Россия,https://www.superjob.ruhttps://www.superjob.ru/vakansii/sistemnyj-inzhener-51056436.html
Стажёр-разработчик программного обеспечения,Не указана,Стажёр-разработчик программного обеспечения,Россия,https://www.superjob.ruhttps://www.superjob.ru/vakansii/stazhjor-razrabotchik-programmnogo-obespecheniya-51826679.html
Аналитик баз данных,Не указана,По договоренности,Россия,https://www.superjob.ruhttps://www.superjob.ru/vakansii/analitik-baz-dannyh-51908009.html
Сетевой инженер,Не указана,По договоренности,Россия,https://www.superjob.ruhttps://www.superjob.ru/vakansii/setevoj-inzhener-51885956.html
Ведущий специалист информационной безопасности,Не указана,По договоренности,Россия,https://www.superjob.ruhttps://www.superjob.ru/vakansii/veduschij-specialist-informacionnoj-bezopasnosti-50791283.html
"Системный администратор, IT-специалист",Не указана,По договоренности,Россия,https://www.superjob.ruhttps://www.superjob.ru/vakansii/sistemnyj-administrator-51068658.html
Програмный аналитик,Не указана,По договоренности,Россия,https://www.superjob.ruhttps://www.superjob.ru/vakansii/programnyj-analitik-51914486.html
Стажер по видеоалгоритмам,Не указана,По договоренности,Россия,https://www.superjob.ruhttps://www.superjob.ru/vakansii/stazher-po-videoalgoritmam-51865209.html
Стажер-инженер по машинному обучению,Не указана,По договоренности,Россия,https://www.superjob.ruhttps://www.superjob.ru/vakansii/stazher-inzhener-po-mashinnomu-obucheniyu-51865208.html
Программист,Не указана,По договоренности,Россия,https://www.superjob.ru/vakansii/programmist.html
Программист Python,Не указана,По договоренности,Россия,https://www.superjob.ru/vakansii/programmist-python.html
Python backend developer,Не указана,По договоренности,Россия,https://www.superjob.ru/vakansii/python-backend-developer.html
от 40 000 ₽,Не указана,от 200 000 ₽,Россия,https://www.superjob.ru/vakansii/40tys.html
от 50 000 ₽,Не указана,от 200 000 ₽,Россия,https://www.superjob.ru/vakansii/50tys.html
от 100 000 ₽,Не указана,от 200 000 ₽,Россия,https://www.superjob.ru/vakansii/100tys.html
от 200 000 ₽,Не указана,от 200 000 ₽,Россия,https://www.superjob.ru/vakansii/200tys.html
Работа вахтой,Сменный график,Работа вахтой,Россия,https://www.superjob.ru/vakansii/vahta.html
1 через 3,Сменный график,Работа вахтой,Россия,https://www.superjob.ru/vakansii/1x3-rabota.html
2 через 2,Сменный график,Работа вахтой,Россия,https://www.superjob.ru/vakansii/2x2-rabota.html
1 через 2,Сменный график,Работа вахтой,Россия,https://www.superjob.ru/vakansii/1x2-rabota.html
1 через 1,Сменный график,Работа вахтой,Россия,https://www.superjob.ru/vakansii/1x1-rabota.html
1 через 4,Сменный график,Работа вахтой,Россия,https://www.superjob.ru/vakansii/1x4-rabota.html
Ночью,Сменный график,Работа вахтой,Россия,https://www.superjob.ru/vakansii/rabota-nochyu.html
Неполный рабочий день,Сменный график,Работа вахтой,Россия,https://www.superjob.ru/vakansii/nepolnyj-den.html
Сменный график,Неполный рабочий день,Работа вахтой,Россия,https://www.superjob.ru/vakansii/smennyj-grafik.html
Для пенсионеров,Удаленная,Подработка,Россия,https://www.superjob.ru/vakansii/rabota-dlya-pensionerov.html
Без опыта,Удаленная,Подработка,Россия,https://www.superjob.ru/vakansii/bez-opyta.html
С проживанием,Удаленная,Подработка,Россия,https://www.superjob.ru/vakansii/rabota-s-prozhivaniem.html
С питанием,Удаленная,Подработка,Россия,https://www.superjob.ru/vakansii/rabota-s-pitaniem.html
От прямых работодателей,Удаленная,Подработка,Россия,https://www.superjob.ru/vakansii/pryamoj-rabotodatel.html
С ежедневной оплатой,Удаленная,Подработка,Россия,https://www.superjob.ru/vakansii/rabota-oplata-ezhednevno.html
Удаленная,С ежедневной оплатой,Подработка,Россия,https://www.superjob.ru/vakansii/na-domu.html
Подработка,Удаленная,Подработка,Россия,https://www.superjob.ru/vakansii/podrabotka.html
От 4 часов в день,Разовое задание,Подработка по выходным,Россия,https://www.superjob.ru/vakansii/4-chasa-v-den.html
По вечерам,Разовое задание,Подработка по выходным,Россия,https://www.superjob.ru/vakansii/vechernyaya-rabota.html
Ночная,Разовое задание,Подработка по выходным,Россия,https://www.superjob.ru/vakansii/nochnaya-rabota.html
Работа по выходным,Разовое задание,Подработка по выходным,Россия,https://www.superjob.ru/vakansii/rabota-v-vyhodnye-i-prazdniki.html
Подработка по выходным,Разовое задание,Подработка по выходным,Россия,https://www.superjob.ru/vakansii/podrabotka-na-vyhodnye.html
Разовое задание,Ночная,Подработка по выходным,Россия,https://www.superjob.ru/vakansii/razovaya-rabota.html
Каталог вакансий,Каталог кадровых агентств,Работа для студентов,Россия,https://www.superjob.ru/vakansii/katalog/
Стажер-инженер-аналитик,Не указана,По договоренности,Россия,https://www.superjob.ruhttps://www.superjob.ru/vakansii/stazher-inzhener-analitik-51863773.html
DevOps-инженер,Не указана,По договоренности,Россия,https://www.superjob.ruhttps://www.superjob.ru/vakansii/devops-inzhener-51668521.html
Стажер по обработке данных,Не указана,Стажер по обработке данных,Россия,https://www.superjob.ruhttps://www.superjob.ru/vakansii/stazher-po-obrabotke-dannyh-51863713.html
Стажер Data Scientist,Не указана,По договоренности,Россия,https://www.superjob.ruhttps://www.superjob.ru/vakansii/stazher-data-scientist-51904963.html
"Стажер, отдел анализа и обработки данных",Не указана,"Стажер, отдел анализа и обработки данных",Россия,https://www.superjob.ruhttps://www.superjob.ru/vakansii/stazher-51853175.html
Стажер по автоматизации с использованием ИИ,Не указана,По договоренности,Россия,https://www.superjob.ruhttps://www.superjob.ru/vakansii/stazher-po-avtomatizacii-s-ispolzovaniem-ii-51853174.html
Стажер по сетевым инженерам,Не указана,По договоренности,Россия,https://www.superjob.ruhttps://www.superjob.ru/vakansii/stazher-po-setevym-inzheneram-51853119.html
Инженер по защите и управлению данными,Не указана,По договоренности,Россия,https://www.superjob.ruhttps://www.superjob.ru/vakansii/inzhener-po-zaschite-i-upravleniyu-dannymi-51921356.html
Системный администратор,Не указана,По договоренности,Россия,https://www.superjob.ruhttps://volgograd.superjob.ru/vakansii/sistemnyj-administrator-51697637.html
Разработчик 1С (Усть-Луга),Не указана,Разработчик 1С (Усть-Луга),Россия,https://www.superjob.ruhttps://spb.superjob.ru/vakansii/razrabotchik-1s-50524632.html
Сетевой инженер,Не указана,По договоренности,Россия,https://www.superjob.ruhttps://spb.superjob.ru/vakansii/setevoj-inzhener-51876886.html
Служба в роте военной полиции ВМП ДНР (различные должности),Не указана,Служба в роте военной полиции ВМП ДНР (различные должности),Россия,https://www.superjob.ruhttps://omsk.superjob.ru/vakansii/sluzhba-v-rote-voennoj-policii-vmp-dnr-51901222.html
Системный администратор ЦОД (Linux/Windows),Не указана,По договоренности,Россия,https://www.superjob.ruhttps://tomsk.superjob.ru/vakansii/sistemnyj-administrator-cod-51698105.html
Data analyst,Не указана,По договоренности,Россия,https://www.superjob.ru/vakansii/data-analyst.html
Иннополис,Не указана,По договоренности,Россия,https://www.superjob.ruhttps://russia.superjob.ru/vakansii/data-scientist.html
"Бухгалтерия, финансы, аудит",Вакансии для аналитика в Иннополисе,Работа в Иннополисе,Россия,https://www.superjob.ru/vakansii/buhgalteriya-finansy-audit/
Бизнес-аналитик,Не указана,По договоренности,Россия,https://www.superjob.ruhttps://almetyevsk.superjob.ru/vakansii/biznes-analitik-51901841.html
Аналитик по продажам,Не указана,По договоренности,Россия,https://www.superjob.ruhttps://almetyevsk.superjob.ru/vakansii/analitik-po-prodazham-51768462.html
Аналитик данных,Не указана,По договоренности,Россия,https://www.superjob.ruhttps://kazan.superjob.ru/vakansii/analitik-dannyh-51940845.html
Аналитик данных,Не указана,По договоренности,Россия,https://www.superjob.ruhttps://kazan.superjob.ru/vakansii/analitik-dannyh-51907294.html
Бизнес-аналитик,Не указана,По договоренности,Россия,https://www.superjob.ruhttps://kazan.superjob.ru/vakansii/biznes-analitik-51901830.html
Аналитик,Не указана,По договоренности,Россия,https://www.superjob.ruhttps://saransk.superjob.ru/vakansii/analitik-51923941.html
Аналитик,Не указана,По договоренности,Россия,https://www.superjob.ruhttps://samara.superjob.ru/vakansii/analitik-51837556.html
Финансовый аналитик,Не указана,По договоренности,Россия,https://www.superjob.ruhttps://samara.superjob.ru/vakansii/finansovyj-analitik-51938871.html
Ведущий маркетолог-аналитик,Не указана,По договоренности,Россия,https://www.superjob.ruhttps://nn.superjob.ru/vakansii/veduschij-marketolog-analitik-51674819.html
Программист-аналитик 1С / Консультант-аналитик ERP,Не указана,По договоренности,Россия,https://www.superjob.ruhttps://nytva.superjob.ru/vakansii/programmist-analitik-1s-50710086.html
Лаборант химического анализа,Не указана,По договоренности,Россия,https://www.superjob.ruhttps://perm.superjob.ru/vakansii/laborant-himicheskogo-analiza-51884518.html
Лаборант химического анализа,Не указана,По договоренности,Россия,https://www.superjob.ruhttps://perm.superjob.ru/vakansii/laborant-himicheskogo-analiza-51600299.html
Лаборант химического анализа,Не указана,По договоренности,Россия,https://www.superjob.ruhttps://perm.superjob.ru/vakansii/laborant-himicheskogo-analiza-51913427.html
Лаборант химического анализа,Не указана,По договоренности,Россия,https://www.superjob.ruhttps://www.superjob.ru/vakansii/laborant-himicheskogo-analiza-51825825.html
Младший финансовый аналитик,Не указана,По договоренности,Россия,https://www.superjob.ruhttps://www.superjob.ru/vakansii/mladshij-finansovyj-analitik-51690994.html
Аналитик бренд-коммуникаций,Не указана,По договоренности,Россия,https://www.superjob.ruhttps://www.superjob.ru/vakansii/analitik-brend-kommunikacij-51778987.html
Стажер бизнес аналитик,Не указана,По договоренности,Россия,https://www.superjob.ruhttps://www.superjob.ru/vakansii/stazher-biznes-analitik-51886641.html
Младший аналитик по оценке и аналитике,Не указана,По договоренности,Россия,https://www.superjob.ruhttps://www.superjob.ru/vakansii/mladshij-analitik-po-ocenke-i-analitike-51935953.html
Младший аналитик антифрода L1,Не указана,По договоренности,Россия,https://www.superjob.ruhttps://www.superjob.ru/vakansii/mladshij-analitik-antifroda-l1-51886578.html
Стажёр аналитик продаж в департамент розничных продаж,Не указана,По договоренности,Россия,https://www.superjob.ruhttps://www.superjob.ru/vakansii/stazhjor-analitik-prodazh-v-departament-roznichnyh-prodazh-51646140.html
Аналитик по антифроду,Не указана,По договоренности,Россия,https://www.superjob.ruhttps://www.superjob.ru/vakansii/analitik-po-antifrodu-51922008.html
Системный / бизнес-аналитик,Не указана,По договоренности,Россия,https://www.superjob.ruhttps://www.superjob.ru/vakansii/sistemnyj-51921848.html
Аналитик,Не указана,По договоренности,Россия,https://www.superjob.ruhttps://www.superjob.ru/vakansii/analitik-51785226.html
"Стажер / Младший менеджер по персоналу в отдел кадров (КДП, HR-аналитика)",Не указана,"Стажер / Младший менеджер по персоналу в отдел кадров (КДП, HR-",Россия,https://www.superjob.ruhttps://www.superjob.ru/vakansii/stazher-51761036.html
Бизнес-аналитик,Не указана,По договоренности,Россия,https://www.superjob.ruhttps://www.superjob.ru/vakansii/biznes-analitik-51901806.html
Ведущий химик-аналитик,Не указана,По договоренности,Россия,https://www.superjob.ruhttps://www.superjob.ru/vakansii/veduschij-himik-analitik-49949649.html
Бизнес-аналитик,Не указана,По договоренности,Россия,https://www.superjob.ruhttps://www.superjob.ru/vakansii/biznes-analitik-29171369.html
Системный аналитик,Не указана,По договоренности,Россия,https://www.superjob.ruhttps://www.superjob.ru/vakansii/sistemnyj-analitik-51924464.html
Аналитик 1С в Страховую компанию,Не указана,По договоренности,Россия,https://www.superjob.ruhttps://www.superjob.ru/vakansii/analitik-1s-v-strahovuyu-kompaniyu-51937084.html
Аналитик – экономист,Не указана,По договоренности,Россия,https://www.superjob.ruhttps://www.superjob.ru/vakansii/analitik-51795318.html
Стажер системный аналитик,Не указана,По договоренности,Россия,https://www.superjob.ruhttps://www.superjob.ru/vakansii/stazher-sistemnyj-analitik-51886639.html
Младший бизнес-аналитик,Не указана,По договоренности,Россия,https://www.superjob.ruhttps://www.superjob.ru/vakansii/mladshij-biznes-analitik-51718108.html
Стажёр Аналитик,Не указана,По договоренности,Россия,https://www.superjob.ruhttps://www.superjob.ru/vakansii/stazhjor-analitik-51785330.html
Старший финансовый аналитик,Не указана,По договоренности,Россия,https://www.superjob.ruhttps://www.superjob.ru/vakansii/starshij-finansovyj-analitik-51785221.html
Финансовый аналитик,Не указана,По договоренности,Россия,https://www.superjob.ruhttps://www.superjob.ru/vakansii/finansovyj-analitik-51853009.html
1,Дальше,По договоренности,Россия,https://www.superjob.ru/vakansii/analitik.html
2,Дальше,По договоренности,Россия,https://www.superjob.ru/vakansii/analitik.html?page=2
Маркетолог,Не указана,По договоренности,Россия,https://www.superjob.ru/vakansii/marketolog.html
Социолог,Не указана,По договоренности,Россия,https://www.superjob.ru/vakansii/sociolog.html
Бизнес-аналитик,Не указана,По договоренности,Россия,https://www.superjob.ru/vakansii/biznes-analitik.html
Математик,Не указана,По договоренности,Россия,https://www.superjob.ru/vakansii/matematik.html
Аналитик маркетолог,Не указана,По договоренности,Россия,https://www.superjob.ru/vakansii/analitik-marketolog.html
Аналитик бизнес процессов,Не указана,По договоренности,Россия,https://www.superjob.ru/vakansii/analitik-biznes-processov.html
Аналитик 1с,Не указана,По договоренности,Россия,https://www.superjob.ru/vakansii/analitik-1s.html
Аналитик BI,Не указана,По договоренности,Россия,https://www.superjob.ru/vakansii/analitik-bi.html
Аналитик отдела продаж,Не указана,Аналитик отдела продаж,Россия,https://www.superjob.ru/vakansii/analitik-otdela-prodazh.html
Системный аналитик,Не указана,По договоренности,Россия,https://www.superjob.ru/vakansii/analitik-sistemnyj.html
Финансовый аналитик,Не указана,По договоренности,Россия,https://www.superjob.ru/vakansii/analitik-finansovyj.html
Сбросить,Зарплата,По договоренности,Россия,https://www.superjob.ru/vakansii/analitik.html?page=1
С указанной зарплатой3,Не указана,По договоренности,Россия,https://www.superjob.ru/vakansii/analitik.html?payment_defined=1
Иннополис,Не указана,По договоренности,Россия,https://www.superjob.ruhttps://russia.superjob.ru/vakansii/analitik.html
Казань3,Не указана,По договоренности,Россия,https://www.superjob.ruhttps://kazan.superjob.ru/vakansii/analitik.html
За 24 часа2,За 3 дня,По договоренности,Россия,https://www.superjob.ru/vakansii/segodnya/analitik.html
Скрыть вакансии агентств5,Не требующие высшего образования,Опыт работы не требуется,Россия,https://www.superjob.ru/vakansii/pryamoj-rabotodatel/analitik.html
Опыт работы не требуется1,Не требующие высшего образования,Опыт работы не требуется,Россия,https://www.superjob.ru/vakansii/bez-opyta/analitik.html
Не требующие высшего образования5,Скрыть вакансии агентств,Опыт работы не требуется,Россия,https://www.superjob.ru/vakansii/srednee/analitik.html
Стажер-аналитик SOC,Не указана,По договоренности,Россия,https://www.superjob.ruhttps://www.superjob.ru/vakansii/stazher-analitik-soc-51760888.html
Аналитик SOC L3,Не указана,По договоренности,Россия,https://www.superjob.ruhttps://www.superjob.ru/vakansii/analitik-soc-l3-51921361.html
Стажер в Анализ данных,Не указана,По договоренности,Россия,https://www.superjob.ruhttps://www.superjob.ru/vakansii/stazher-v-analiz-dannyh-51922127.html
Химик / Инженер-химик / Лаборант химического анализа,Не указана,По договоренности,Россия,https://www.superjob.ruhttps://www.superjob.ru/vakansii/himik-51257738.html
Стажер в Системный анализ,Не указана,По договоренности,Россия,https://www.superjob.ruhttps://www.superjob.ru/vakansii/stazher-v-sistemnyj-analiz-51922120.html
Лаборант химического анализа,Не указана,По договоренности,Россия,https://www.superjob.ruhttps://dolgoprudniy.superjob.ru/vakansii/laborant-himicheskogo-analiza-51908542.html
Лаборант химического анализа 4 разряда ИЛ г. Климовск,Не указана,По договоренности,Россия,https://www.superjob.ruhttps://klimovsk.superjob.ru/vakansii/laborant-himicheskogo-analiza-4-razryada-il-g-51927193.html
Провизор-аналитик (для производства лекарственных средств),Не указана,По договоренности,Россия,https://www.superjob.ruhttps://voronezh.superjob.ru/vakansii/provizor-analitik-51918847.html
Лаборант химического анализа,Не указана,По договоренности,Россия,https://www.superjob.ruhttps://volgograd.superjob.ru/vakansii/laborant-himicheskogo-analiza-51877382.html
Лаборант химического анализа,Не указана,По договоренности,Россия,https://www.superjob.ruhttps://volgograd.superjob.ru/vakansii/laborant-himicheskogo-analiza-46538028.html
Аналитик данных Центра развития электронных образовательных ресурсов СПбГУ,Не указана,По договоренности,Россия,https://www.superjob.ruhttps://spb.superjob.ru/vakansii/analitik-dannyh-centra-razvitiya-elektronnyh-obrazovatelnyh-resursov-spbgu-51719892.html
Маркетолог-аналитик,Не указана,По договоренности,Россия,https://www.superjob.ruhttps://spb.superjob.ru/vakansii/marketolog-analitik-50398890.html
Начальник коммерческо-аналитического отдела,Не указана,отдела,Россия,https://www.superjob.ruhttps://spb.superjob.ru/vakansii/nachalnik-kommerchesko-analiticheskogo-otdela-51673581.html
Главный специалист сектора по работе с письменными обращениями граждан и статистическому анализу,Не указана,Главный специалист сектора по работе с письменными обращениями граждан и статистическому,Россия,https://www.superjob.ruhttps://spb.superjob.ru/vakansii/glavnyj-specialist-sektora-po-rabote-s-pismennymi-obrascheniyami-grazhdan-i-statisticheskomu-analizu-51884683.html
Лаборант химического анализа/Аппаратчик ХВО (ТЭЦ-7 / ТЭЦ-21),Не указана,По договоренности,Россия,https://www.superjob.ruhttps://spb.superjob.ru/vakansii/laborant-himicheskogo-analiza-51672843.html
Специалист Отдела анализа рынков Контрактной службы СПбГУ,Не указана,Специалист Отдела,Россия,https://www.superjob.ruhttps://spb.superjob.ru/vakansii/specialist-otdela-analiza-rynkov-kontraktnoj-sluzhby-spbgu-51682983.html
Химик-аналитик,Не указана,По договоренности,Россия,https://www.superjob.ruhttps://krasnodar.superjob.ru/vakansii/himik-analitik-50081966.html
Аналитик,Не указана,По договоренности,Россия,https://www.superjob.ruhttps://salehard.superjob.ru/vakansii/analitik-49432635.html
Лаборант химического анализа НО УМТС г. Мирный НЕ вахта,Не указана,По договоренности,Россия,https://www.superjob.ruhttps://mirny.superjob.ru/vakansii/laborant-himicheskogo-analiza-no-umts-g-51939473.html
Финансовый аналитик,Не указана,По договоренности,Россия,https://www.superjob.ruhttps://yakutsk.superjob.ru/vakansii/finansovyj-analitik-51887790.html
Дробильщик в Пробирно-аналитическую лабораторию,Не указана,По договоренности,Россия,https://www.superjob.ruhttps://yakutsk.superjob.ru/vakansii/drobilschik-v-probirno-analiticheskuyu-laboratoriyu-49176256.html
"Лаборант химического анализа 3 разряда (Якутия, пос. Кысыл-Сыр)",Не указана,По договоренности,Россия,https://www.superjob.ruhttps://yakutsk.superjob.ru/vakansii/laborant-himicheskogo-analiza-3-razryada-51887717.html
Лаборант пробирного анализа добычи и переработки руды,Не указана,добычи и переработки руды,Россия,https://www.superjob.ruhttps://magadan.superjob.ru/vakansii/laborant-probirnogo-analiza-dobychi-i-pererabotki-rudy-51807682.html
Аналитик центра управления регионами,Не указана,По договоренности,Россия,https://www.superjob.ruhttps://chita.superjob.ru/vakansii/analitik-centra-upravleniya-regionami-51903465.html
"IT, Интернет, связь, телеком",Вакансии для программиста в Иннополисе,Работа в Иннополисе,Россия,https://www.superjob.ru/vakansii/it-internet-svyaz-telekom/
Технолог кондитерского производства/разработчик новых продуктов,Не указана,разработчик,Россия,https://www.superjob.ruhttps://naberezhnye-chelny.superjob.ru/vakansii/tehnolog-konditerskogo-proizvodstva-51848171.html
Разработчик баз данных,Не указана,Разработчик,Россия,https://www.superjob.ruhttps://kazan.superjob.ru/vakansii/razrabotchik-baz-dannyh-51899766.html
Технолог кондитерского производства/разработчик новых продуктов,Не указана,разработчик,Россия,https://www.superjob.ruhttps://kazan.superjob.ru/vakansii/tehnolog-konditerskogo-proizvodstva-51848172.html
Технолог кондитерского производства/разработчик новых продуктов,Не указана,разработчик,Россия,https://www.superjob.ruhttps://tolyatti.superjob.ru/vakansii/tehnolog-konditerskogo-proizvodstva-51848170.html
Ведущий программист 1C (г. Октябрьский),Не указана,По договоренности,Россия,https://www.superjob.ruhttps://oktyabrskiy.superjob.ru/vakansii/veduschij-programmist-1c-51066646.html
Программист 1С (УПП / ERP) — поддержка и сопровождение,Не указана,По договоренности,Россия,https://www.superjob.ruhttps://kasimov.superjob.ru/vakansii/programmist-1s-51897602.html
Программист CRM,Не указана,По договоренности,Россия,https://www.superjob.ruhttps://saratov.superjob.ru/vakansii/programmist-crm-51899989.html
Программист,Не указана,По договоренности,Россия,https://www.superjob.ruhttps://vladimir.superjob.ru/vakansii/programmist-51886115.html
Разработчик 1С-Битрикс / Web-программист,Не указана,Разработчик,Россия,https://www.superjob.ruhttps://zhukovskiy.superjob.ru/vakansii/razrabotchik-1s-bitriks-47868402.html
Программист 1С,Не указана,По договоренности,Россия,https://www.superjob.ruhttps://zhukovskiy.superjob.ru/vakansii/programmist-1s-51903015.html
Инженер-разработчик РЭА,Не указана,разработчик,Россия,https://www.superjob.ruhttps://zhukovskiy.superjob.ru/vakansii/inzhener-razrabotchik-rea-47853622.html
Программист,Не указана,По договоренности,Россия,https://www.superjob.ruhttps://zhukovskiy.superjob.ru/vakansii/programmist-49714982.html
Ведущий программист 1С,Не указана,По договоренности,Россия,https://www.superjob.ruhttps://zhukovskiy.superjob.ru/vakansii/veduschij-programmist-1s-46817436.html
Программист микроконтроллеров,Не указана,По договоренности,Россия,https://www.superjob.ruhttps://korolev.superjob.ru/vakansii/programmist-mikrokontrollerov-51915270.html
Стажер разработчик,Не указана,разработчик,Россия,https://www.superjob.ruhttps://www.superjob.ru/vakansii/stazher-razrabotchik-51886527.html
Программист в отдел web-проектов,Не указана,в отдел web-проектов,Россия,https://www.superjob.ruhttps://www.superjob.ru/vakansii/programmist-v-otdel-web-proektov-51933255.html
Инженер-программист C++ Qt,Не указана,По договоренности,Россия,https://www.superjob.ruhttps://www.superjob.ru/vakansii/inzhener-programmist-c-51939113.html
Стажер разработчик интерфейсов,Не указана,разработчик,Россия,https://www.superjob.ruhttps://www.superjob.ru/vakansii/stazher-razrabotchik-interfejsov-51718112.html
Стажер Go разработчик,Не указана,разработчик,Россия,https://www.superjob.ruhttps://www.superjob.ru/vakansii/stazher-go-razrabotchik-51692779.html
Android разработчик,Не указана,разработчик,Россия,https://www.superjob.ruhttps://www.superjob.ru/vakansii/android-razrabotchik-51921887.html
Главный разработчик,Не указана,разработчик,Россия,https://www.superjob.ruhttps://www.superjob.ru/vakansii/glavnyj-razrabotchik-51824424.html
"Стажер-программист, специализирующийся на потоковых алгоритмах",Не указана,", специализирующийся на потоковых алгоритмах",Россия,https://www.superjob.ruhttps://www.superjob.ru/vakansii/stazher-programmist-51863706.html
Инженер-программист,Не указана,По договоренности,Россия,https://www.superjob.ruhttps://www.superjob.ru/vakansii/inzhener-programmist-51852881.html
Ведущий java-разработчик,Не указана,разработчик,Россия,https://www.superjob.ruhttps://www.superjob.ru/vakansii/veduschij-java-razrabotchik-51921335.html
Инженер-программист,Не указана,По договоренности,Россия,https://www.superjob.ruhttps://www.superjob.ru/vakansii/inzhener-programmist-51826667.html
Frontend-разработчик,Не указана,разработчик,Россия,https://www.superjob.ruhttps://www.superjob.ru/vakansii/frontend-razrabotchik-51824047.html
Инженер-технолог (программист),Не указана,По договоренности,Россия,https://www.superjob.ruhttps://www.superjob.ru/vakansii/inzhener-tehnolog-45734992.html
Embedded разработчик,Не указана,разработчик,Россия,https://www.superjob.ruhttps://www.superjob.ru/vakansii/embedded-razrabotchik-51905177.html
Программист MS SQL/Delphi (Middle),Не указана,По договоренности,Россия,https://www.superjob.ruhttps://www.superjob.ru/vakansii/programmist-ms-sql-51937134.html
Консультант-программист 1С,Не указана,По договоренности,Россия,https://www.superjob.ruhttps://www.superjob.ru/vakansii/konsultant-programmist-1s-51920217.html
"Инженер-техник, инженер-программист",Не указана,По договоренности,Россия,https://www.superjob.ruhttps://www.superjob.ru/vakansii/inzhener-tehnik-37008524.html
2,Дальше,По договоренности,Россия,https://www.superjob.ru/vakansii/programmist.html?page=2
Программист 1С,Не указана,По договоренности,Россия,https://www.superjob.ru/vakansii/programmist-1s.html
Специалист IT,Не указана,По договоренности,Россия,https://www.superjob.ru/vakansii/specialist-it.html
Инженер программист,Не указана,По договоренности,Россия,https://www.superjob.ru/vakansii/inzhener-programmist.html
Программист PHP,Не указана,По договоренности,Россия,https://www.superjob.ru/vakansii/programmist-php.html
Программист Java,Не указана,По договоренности,Россия,https://www.superjob.ru/vakansii/programmist-java.html
Программист C#,Не указана,По договоренности,Россия,https://www.superjob.ru/vakansii/programmist-c-sharp.html
Разработчик,Не указана,Разработчик,Россия,https://www.superjob.ru/vakansii/razrabotchik.html
Программист C++,Не указана,По договоренности,Россия,https://www.superjob.ru/vakansii/programmist-c.html
Программист C++,Не указана,По договоренности,Россия,https://www.superjob.ru/vakansii/programmist-c-plus-plus.html
Веб-программист,Не указана,По договоренности,Россия,https://www.superjob.ru/vakansii/web-programmist.html
Системный администратор,Не указана,По договоренности,Россия,https://www.superjob.ru/vakansii/sistemnyj-administrator.html
Программист Битрикс,Не указана,По договоренности,Россия,https://www.superjob.ru/vakansii/programmist-bitriks.html
Сбросить,Зарплата,По договоренности,Россия,https://www.superjob.ru/vakansii/programmist.html?page=1
С указанной зарплатой4,Не указана,По договоренности,Россия,https://www.superjob.ru/vakansii/programmist.html?payment_defined=1
Иннополис,Не указана,По договоренности,Россия,https://www.superjob.ruhttps://russia.superjob.ru/vakansii/programmist.html
Казань5,Не указана,По договоренности,Россия,https://www.superjob.ruhttps://kazan.superjob.ru/vakansii/programmist.html
За 24 часа1,За 3 дня,По договоренности,Россия,https://www.superjob.ru/vakansii/segodnya/programmist.html
Скрыть вакансии агентств5,Не требующие высшего образования,По договоренности,Россия,https://www.superjob.ru/vakansii/pryamoj-rabotodatel/programmist.html
Не требующие высшего образования6,Скрыть вакансии агентств,По договоренности,Россия,https://www.superjob.ru/vakansii/srednee/programmist.html
Программист 1C,Не указана,По договоренности,Россия,https://www.superjob.ruhttps://www.superjob.ru/vakansii/programmist-1c-50842108.html
Go разработчик,Не указана,разработчик,Россия,https://www.superjob.ruhttps://www.superjob.ru/vakansii/go-razrabotchik-51921885.html
PHP / Go-разработчик,Не указана,разработчик,Россия,https://www.superjob.ruhttps://www.superjob.ru/vakansii/php-51921861.html
Разработчик 1С ЗУП (Бухгалтерия/Кадры),Не указана,Разработчик,Россия,https://www.superjob.ruhttps://www.superjob.ru/vakansii/razrabotchik-1s-zup-51824474.html
Разработчик 1С в Страховую компанию,Не указана,Разработчик,Россия,https://www.superjob.ruhttps://www.superjob.ru/vakansii/razrabotchik-1s-v-strahovuyu-kompaniyu-51937122.html
"Програмист 3D моделирование, Специалист на 3D принтере по контракту",Не указана,По договоренности,Россия,https://www.superjob.ruhttps://www.superjob.ru/vakansii/programist-3d-modelirovanie-51872411.html
Ведущий инженер-программист встраиваемых систем ПЛИС (FPGA),Не указана,По договоренности,Россия,https://www.superjob.ruhttps://www.superjob.ru/vakansii/veduschij-inzhener-programmist-vstraivaemyh-sistem-plis-51879785.html
Старший инженер-программист ВВК,Не указана,По договоренности,Россия,https://www.superjob.ruhttps://tula.superjob.ru/vakansii/starshij-inzhener-programmist-vvk-51923913.html
Ведущий инженер-программист,Не указана,По договоренности,Россия,https://www.superjob.ruhttps://tver.superjob.ru/vakansii/veduschij-inzhener-programmist-50979653.html
Инженер-программист,Не указана,По договоренности,Россия,https://www.superjob.ruhttps://astrakhan.superjob.ru/vakansii/inzhener-programmist-51907038.html
Инженер-программист,Не указана,По договоренности,Россия,https://www.superjob.ruhttps://arhangelsk.superjob.ru/vakansii/inzhener-programmist-51700357.html
Технолог кондитерского производства/разработчик новых продуктов,Не указана,разработчик,Россия,https://www.superjob.ruhttps://novgorod.superjob.ru/vakansii/tehnolog-konditerskogo-proizvodstva-51848169.html
Программист,Не указана,По договоренности,Россия,https://www.superjob.ruhttps://rnd.superjob.ru/vakansii/programmist-27257831.html
Frontend разработчик,Не указана,разработчик,Россия,https://www.superjob.ruhttps://spb.superjob.ru/vakansii/frontend-razrabotchik-51926154.html
Программист,Не указана,По договоренности,Россия,https://www.superjob.ruhttps://spb.superjob.ru/vakansii/programmist-51907017.html
Ведущий инженер-программист в отдел силовой электроники,Не указана,в отдел силовой электроники,Россия,https://www.superjob.ruhttps://spb.superjob.ru/vakansii/veduschij-inzhener-programmist-v-otdel-silovoj-elektroniki-51643644.html
Программист,Не указана,По договоренности,Россия,https://www.superjob.ruhttps://salehard.superjob.ru/vakansii/programmist-49194171.html
Инженер-программист оборудования прецизионной металлообработки с ПУ,Не указана,оборудования прецизионной металлообработки с ПУ,Россия,https://www.superjob.ruhttps://omsk.superjob.ru/vakansii/inzhener-programmist-oborudovaniya-precizionnoj-metalloobrabotki-s-pu-51938614.html
Ведущий программист в предоставлением жилья,Не указана,в предоставлением жилья,Россия,https://www.superjob.ruhttps://novyi-urengoi.superjob.ru/vakansii/veduschij-programmist-v-predostavleniem-zhilya-51953089.html
Инженер-программист,Не указана,По договоренности,Россия,https://www.superjob.ruhttps://sayanogorsk.superjob.ru/vakansii/inzhener-programmist-49969174.html
Ведущий программист 1С (ХА),Не указана,По договоренности,Россия,https://www.superjob.ruhttps://habarovsk.superjob.ru/vakansii/veduschij-programmist-1s-41502773.html
Инженер-программист станков ЧПУ,Не указана,По договоренности,Россия,https://www.superjob.ruhttps://habarovsk.superjob.ru/vakansii/inzhener-programmist-stankov-chpu-51170413.html
DevOps Engineer,Не указана,По договоренности,Россия,https://www.superjob.ru/vakansii/devops-engineer.html
Иннополис,Не указана,По договоренности,Россия,https://www.superjob.ruhttps://russia.superjob.ru/vakansii/devops.html
Инженер-проектировщик электроснабжения,Не указана,По договоренности,Россия,https://www.superjob.ruhttps://ioshkar-ola.superjob.ru/vakansii/inzhener-proektirovschik-elektrosnabzheniya-50469020.html
Инженер-конструктор,Не указана,По договоренности,Россия,https://www.superjob.ruhttps://ulyanovsk.superjob.ru/vakansii/inzhener-konstruktor-51886420.html
Инженер-конструктор (нормоконтролер-электрик),Не указана,По договоренности,Россия,https://www.superjob.ruhttps://nn.superjob.ru/vakansii/inzhener-konstruktor-51914888.html
Инженер-конструктор (станкостроение),Не указана,По договоренности,Россия,https://www.superjob.ruhttps://nn.superjob.ru/vakansii/inzhener-konstruktor-51914857.html
Ведущий инженер-проектировщик (системы водоснабжения и водоотведения),Не указана,(системы водоснабжения и водоотведения),Россия,https://www.superjob.ruhttps://nn.superjob.ru/vakansii/veduschij-inzhener-proektirovschik-51914447.html
Ведущий инженер-конструктор (разработка вооружений и военной техники),Не указана,(разработка вооружений и военной техники),Россия,https://www.superjob.ruhttps://nn.superjob.ru/vakansii/veduschij-inzhener-konstruktor-51914047.html
Инженер-конструктор 1 категории (разработка КД),Не указана,1 категории (разработка КД),Россия,https://www.superjob.ruhttps://nn.superjob.ru/vakansii/inzhener-konstruktor-1-kategorii-51913949.html
Ведущий инженер-конструктор по разработке электронных блоков,Не указана,по разработке электронных блоков,Россия,https://www.superjob.ruhttps://nn.superjob.ru/vakansii/veduschij-inzhener-konstruktor-po-razrabotke-elektronnyh-blokov-51914094.html
"Директор магазина-партнер (Ижевск, Им Конструктора Калашникова М. Т., 17)",Не указана,По договоренности,Россия,https://www.superjob.ruhttps://izhevsk.superjob.ru/vakansii/direktor-magazina-partner-51863172.html
"Продавец-кассир (Ижевск, Им Конструктора Калашникова М. Т., 17)",Не указана,По договоренности,Россия,https://www.superjob.ruhttps://izhevsk.superjob.ru/vakansii/prodavec-kassir-51882613.html
Генеральный / Главный / Ведущий конструктор по внутрискважинному оборудованию в г. Октябрьский,Не указана,по внутрискважинному оборудованию в г. Октябрьский,Россия,https://www.superjob.ruhttps://oktyabrskiy.superjob.ru/vakansii/generalnyj-51066652.html
"Ведущий инженер-конструктор, инженер-к по внутрискважинному оборудованию в г. Октябрьский",Не указана,", инженер-к по внутрискважинному оборудованию в г. Октябрьский",Россия,https://www.superjob.ruhttps://oktyabrskiy.superjob.ru/vakansii/veduschij-inzhener-konstruktor-50967239.html
Инженер-конструктор,Не указана,По договоренности,Россия,https://www.superjob.ruhttps://zarechniy.superjob.ru/vakansii/inzhener-konstruktor-50805870.html
Инженер-конструктор металлообработка,Не указана,металлообработка,Россия,https://www.superjob.ruhttps://penza.superjob.ru/vakansii/inzhener-konstruktor-metalloobrabotka-51861508.html
Инженер-конструктор 2 категории (в конструкторское бюро литейной оснастки),Не указана,По договоренности,Россия,https://www.superjob.ruhttps://perm.superjob.ru/vakansii/inzhener-konstruktor-2-kategorii-51913425.html
"Инженер-конструктор КМД, КТД (в Египет)",Не указана,По договоренности,Россия,https://www.superjob.ruhttps://perm.superjob.ru/vakansii/inzhener-konstruktor-kmd-51726182.html
Инженер-конструктор,Не указана,По договоренности,Россия,https://www.superjob.ruhttps://yaroslavl.superjob.ru/vakansii/inzhener-konstruktor-50838559.html
Инженер-конструктор,Не указана,По договоренности,Россия,https://www.superjob.ruhttps://tambov.superjob.ru/vakansii/inzhener-konstruktor-46033550.html
Инженер-проектировщик (дороги),Не указана,(дороги),Россия,https://www.superjob.ruhttps://ryazan.superjob.ru/vakansii/inzhener-proektirovschik-50698939.html
Инженер-конструктор,Не указана,По договоренности,Россия,https://www.superjob.ruhttps://ramenskoe.superjob.ru/vakansii/inzhener-konstruktor-47861121.html
Техник-Конструктор,Не указана,По договоренности,Россия,https://www.superjob.ruhttps://zhukovskiy.superjob.ru/vakansii/tehnik-konstruktor-48450930.html
2,Дальше,По договоренности,Россия,https://www.superjob.ru/vakansii/razrabotchik.html?page=2
3,Дальше,По договоренности,Россия,https://www.superjob.ru/vakansii/razrabotchik.html?page=3
4,Дальше,По договоренности,Россия,https://www.superjob.ru/vakansii/razrabotchik.html?page=4
Разработчик javascript,Не указана,Разработчик javascript,Россия,https://www.superjob.ru/vakansii/razrabotchik-javascript.html
Разработчик баз данных,Не указана,Разработчик баз данных,Россия,https://www.superjob.ru/vakansii/razrabotchik-baz-dannyh.html
Сбросить,Зарплата,По договоренности,Россия,https://www.superjob.ru/vakansii/razrabotchik.html?page=1
С указанной зарплатой4,Не указана,По договоренности,Россия,https://www.superjob.ru/vakansii/razrabotchik.html?payment_defined=1
Иннополис,Не указана,По договоренности,Россия,https://www.superjob.ruhttps://russia.superjob.ru/vakansii/razrabotchik.html
Казань5,Не указана,По договоренности,Россия,https://www.superjob.ruhttps://kazan.superjob.ru/vakansii/razrabotchik.html
За 24 часа1,За 3 дня,По договоренности,Россия,https://www.superjob.ru/vakansii/segodnya/razrabotchik.html
Скрыть вакансии агентств5,Не требующие высшего образования,По договоренности,Россия,https://www.superjob.ru/vakansii/pryamoj-rabotodatel/razrabotchik.html
Не требующие высшего образования6,Скрыть вакансии агентств,По договоренности,Россия,https://www.superjob.ru/vakansii/srednee/razrabotchik.html
Инженер-конструктор,Не указана,По договоренности,Россия,https://www.superjob.ruhttps://zhukovskiy.superjob.ru/vakansii/inzhener-konstruktor-48450327.html
"Ведущий инженер-конструктор, проектировщик блочно-модульных котельных, теплотехник",Не указана,"блочно-модульных котельных, теплотехник",Россия,https://www.superjob.ruhttps://zheleznodorozhniy.superjob.ru/vakansii/veduschij-inzhener-konstruktor-51474200.html
Инженер-конструктор,Не указана,По договоренности,Россия,https://www.superjob.ruhttps://khotkovo.superjob.ru/vakansii/inzhener-konstruktor-50701965.html
Инженер-конструктор металлоконструкций,Не указана,По договоренности,Россия,https://www.superjob.ruhttps://balashiha.superjob.ru/vakansii/inzhener-konstruktor-metallokonstrukcij-51658007.html
"Проектировщик слаботочных систем АПС, СОУЭ (АУПТ)",Не указана,"слаботочных систем АПС, СОУЭ (АУПТ)",Россия,https://www.superjob.ruhttps://mytischi.superjob.ru/vakansii/proektirovschik-slabotochnyh-sistem-aps-51918877.html
Инженер-конструктор БПЛА,Не указана,По договоренности,Россия,https://www.superjob.ruhttps://sovhoz-imeni-lenina.superjob.ru/vakansii/inzhener-konstruktor-bpla-51941402.html
Инженер-конструктор 1 категории (металлоконструкции),Не указана,По договоренности,Россия,https://www.superjob.ruhttps://www.superjob.ru/vakansii/inzhener-konstruktor-1-kategorii-51942411.html
Инженер-проектировщик архитектурных и конструктивных решений,Не указана,По договоренности,Россия,https://www.superjob.ruhttps://www.superjob.ru/vakansii/inzhener-proektirovschik-arhitekturnyh-i-konstruktivnyh-reshenij-50929714.html
5,Дальше,По договоренности,Россия,https://www.superjob.ru/vakansii/razrabotchik.html?page=5
Конструктор-технолог,Не указана,По договоренности,Россия,https://www.superjob.ruhttps://www.superjob.ru/vakansii/konstruktor-tehnolog-51907957.html
Инженер-проектировщик слаботочных систем,Не указана,слаботочных систем,Россия,https://www.superjob.ruhttps://www.superjob.ru/vakansii/inzhener-proektirovschik-slabotochnyh-sistem-42768170.html
Ландшафтный проектировщик / инженер садово-паркового строительства,Не указана,/ инженер садово-паркового строительства,Россия,https://www.superjob.ruhttps://www.superjob.ru/vakansii/landshaftnyj-proektirovschik-51924690.html
Инженер-конструктор,Не указана,По договоренности,Россия,https://www.superjob.ruhttps://www.superjob.ru/vakansii/inzhener-konstruktor-51921673.html
Инженер – конструктор / Проектировщик лаб. 42,Не указана,По договоренности,Россия,https://www.superjob.ruhttps://www.superjob.ru/vakansii/inzhener-47202775.html
"Инженер-проектировщик НВК, ВК",Не указана,По договоренности,Россия,https://www.superjob.ruhttps://www.superjob.ru/vakansii/inzhener-proektirovschik-nvk-51111616.html
"Инженер-конструктор (радиотехника, связь)",Не указана,"(радиотехника, связь)",Россия,https://www.superjob.ruhttps://www.superjob.ru/vakansii/inzhener-konstruktor-49257633.html
Инженер-проектировщик,Не указана,По договоренности,Россия,https://www.superjob.ruhttps://www.superjob.ru/vakansii/inzhener-proektirovschik-50925904.html
Проектировщик ОВиК отопление вентиляция и кондиционирование,Не указана,ОВиК отопление вентиляция и кондиционирование,Россия,https://www.superjob.ruhttps://www.superjob.ru/vakansii/proektirovschik-ovik-otoplenie-ventilyaciya-i-kondicionirovanie-31012782.html
"Инженер-конструктор / чертёжник (двери, перегородки)",Не указана,По договоренности,Россия,https://www.superjob.ruhttps://www.superjob.ru/vakansii/inzhener-konstruktor-51908093.html
Начальник конструкторского отдела / Главный конструктор (Светотехника / Оптика / LED-технологии),Не указана,(Светотехника / Оптика / LED-технологии),Россия,https://www.superjob.ruhttps://www.superjob.ru/vakansii/nachalnik-konstruktorskogo-otdela-51907968.html
Инженер-проектировщик / архитектор,Не указана,По договоренности,Россия,https://www.superjob.ruhttps://www.superjob.ru/vakansii/inzhener-proektirovschik-51954224.html
Инженер-конструктор РЭА,Не указана,По договоренности,Россия,https://www.superjob.ruhttps://www.superjob.ru/vakansii/inzhener-konstruktor-rea-51932810.html
Инженер-конструктор (РЭА),Не указана,По договоренности,Россия,https://www.superjob.ruhttps://podolsk.superjob.ru/vakansii/inzhener-konstruktor-45814419.html
Конструктор мебели,Не указана,По договоренности,Россия,https://www.superjob.ruhttps://himki.superjob.ru/vakansii/konstruktor-mebeli-51083302.html
Инженер-конструктор,Не указана,По договоренности,Россия,https://www.superjob.ruhttps://serpukhov.superjob.ru/vakansii/inzhener-konstruktor-49386454.html
Инженер-конструктор,Не указана,По договоренности,Россия,https://www.superjob.ruhttps://tula.superjob.ru/vakansii/inzhener-konstruktor-50787832.html
"Инженер-конструктор (расчеты на прочность, надежность)",Не указана,По договоренности,Россия,https://www.superjob.ruhttps://ekaterinburg.superjob.ru/vakansii/inzhener-konstruktor-51914434.html
Ведущий Инженер-конструктор (машиностроение / конвейерное оборудование),Не указана,(машиностроение / конвейерное оборудование),Россия,https://www.superjob.ruhttps://ekaterinburg.superjob.ru/vakansii/veduschij-inzhener-konstruktor-51914880.html
"Инженер-конструктор (1, 2 категории)",Не указана,По договоренности,Россия,https://www.superjob.ruhttps://ekaterinburg.superjob.ru/vakansii/inzhener-konstruktor-51914443.html
Ведущий инженер-конструктор,Не указана,По договоренности,Россия,https://www.superjob.ruhttps://ekaterinburg.superjob.ru/vakansii/veduschij-inzhener-konstruktor-51914461.html
Инженер-конструктор,Не указана,По договоренности,Россия,https://www.superjob.ruhttps://zvenigorod.superjob.ru/vakansii/inzhener-konstruktor-50788922.html
Инженер-конструктор КМД,Не указана,По договоренности,Россия,https://www.superjob.ruhttps://zhukov.superjob.ru/vakansii/inzhener-konstruktor-kmd-50418692.html
Инженер-конструктор,Не указана,По договоренности,Россия,https://www.superjob.ruhttps://nizhnyaya-salda.superjob.ru/vakansii/inzhener-konstruktor-51022079.html
"Продавец-кассир (Воронеж, Конструкторов, 29а)",Не указана,По договоренности,Россия,https://www.superjob.ruhttps://voronezh.superjob.ru/vakansii/prodavec-kassir-51886207.html
"Сборщик заказов (Воронеж, Конструкторов, 60А)",Не указана,По договоренности,Россия,https://www.superjob.ruhttps://voronezh.superjob.ru/vakansii/sborschik-zakazov-50985772.html
Инженер-конструктор малых архитектурных форм,Не указана,По договоренности,Россия,https://www.superjob.ruhttps://volokolamsk.superjob.ru/vakansii/inzhener-konstruktor-malyh-arhitekturnyh-form-26736437.html
"Администратор магазина (Россия, г Челябинск, ул Конструктора Духова, д 12)",Не указана,По договоренности,Россия,https://www.superjob.ruhttps://chelyabinsk.superjob.ru/vakansii/administrator-magazina-50692012.html
"Директор магазина-партнер (Челябинск, Конструктора Духова, 12)",Не указана,По договоренности,Россия,https://www.superjob.ruhttps://chelyabinsk.superjob.ru/vakansii/direktor-magazina-partner-50148750.html
Инженер-проектировщик автомобильных дорог и искусственных сооружений,Не указана,автомобильных дорог и искусственных сооружений,Россия,https://www.superjob.ruhttps://tver.superjob.ru/vakansii/inzhener-proektirovschik-avtomobilnyh-dorog-i-iskusstvennyh-sooruzhenij-50300971.html
Инженер-проектировщик слаботочных систем,Не указана,слаботочных систем,Россия,https://www.superjob.ruhttps://volzhskiy.superjob.ru/vakansii/inzhener-proektirovschik-slabotochnyh-sistem-51808454.html
Инженер-конструктор 3 категории (ОГК),Не указана,По договоренности,Россия,https://www.superjob.ruhttps://volzhskiy.superjob.ru/vakansii/inzhener-konstruktor-3-kategorii-47156351.html
Инженер-конструктор,Не указана,По договоренности,Россия,https://www.superjob.ruhttps://shadrinsk.superjob.ru/vakansii/inzhener-konstruktor-46521274.html
Инженер-конструктор / Проектировщик,Не указана,По договоренности,Россия,https://www.superjob.ruhttps://shadrinsk.superjob.ru/vakansii/inzhener-konstruktor-46721654.html
Ведущий инженер-конструктор,Не указана,По договоренности,Россия,https://www.superjob.ruhttps://kurgan.superjob.ru/vakansii/veduschij-inzhener-konstruktor-50404749.html
Инженер-проектировщик,Не указана,По договоренности,Россия,https://www.superjob.ruhttps://kurgan.superjob.ru/vakansii/inzhener-proektirovschik-47446532.html
Инженер-проектировщик ВКХ,Не указана,По договоренности,Россия,https://www.superjob.ruhttps://smolensk.superjob.ru/vakansii/inzhener-proektirovschik-vkh-46707214.html
Инженер-конструктор,Не указана,По договоренности,Россия,https://www.superjob.ruhttps://velikie-luki.superjob.ru/vakansii/inzhener-konstruktor-46810103.html
"Инженер ПТО, конструктор",Не указана,По договоренности,Россия,https://www.superjob.ruhttps://doneck-dnr.superjob.ru/vakansii/inzhener-pto-50707667.html
Ведущий инженер-проектировщик (пожарная безопасность),Не указана,По договоренности,Россия,https://www.superjob.ruhttps://spb.superjob.ru/vakansii/veduschij-inzhener-proektirovschik-51881110.html
Конструктор машиностроение,Не указана,По договоренности,Россия,https://www.superjob.ruhttps://spb.superjob.ru/vakansii/konstruktor-mashinostroenie-51801635.html
Инженер-проектировщик ВК,Не указана,По договоренности,Россия,https://www.superjob.ruhttps://spb.superjob.ru/vakansii/inzhener-proektirovschik-vk-51725200.html
Инженер-эколог (проектировщик),Не указана,По договоренности,Россия,https://www.superjob.ruhttps://spb.superjob.ru/vakansii/inzhener-ekolog-51924673.html
"Ведущий инженер-проектировщик систем отопления, вентиляции и кондиционирования",Не указана,"систем отопления, вентиляции и кондиционирования",Россия,https://www.superjob.ruhttps://spb.superjob.ru/vakansii/veduschij-inzhener-proektirovschik-sistem-otopleniya-51941299.html
Инженер-конструктор (электронная аппаратура),Не указана,По договоренности,Россия,https://www.superjob.ruhttps://spb.superjob.ru/vakansii/inzhener-konstruktor-51921995.html
Инженер-проектировщик,Не указана,По договоренности,Россия,https://www.superjob.ruhttps://spb.superjob.ru/vakansii/inzhener-proektirovschik-51558138.html
"Инженер-проектировщик ВК, НВК / Ведущий инженер-проектировщик ВК, НВК",Не указана,По договоренности,Россия,https://www.superjob.ruhttps://spb.superjob.ru/vakansii/inzhener-proektirovschik-vk-30372248.html
Ведущий инженер-конструктор,Не указана,По договоренности,Россия,https://www.superjob.ruhttps://spb.superjob.ru/vakansii/veduschij-inzhener-konstruktor-51935214.html
Инженер-конструктор 1 категории,Не указана,По договоренности,Россия,https://www.superjob.ruhttps://spb.superjob.ru/vakansii/inzhener-konstruktor-1-kategorii-51941285.html
Ведущий инженер-проектировщик ВК и НВК (Наружные сети),Не указана,По договоренности,Россия,https://www.superjob.ruhttps://spb.superjob.ru/vakansii/veduschij-inzhener-proektirovschik-vk-i-nvk-51940654.html
Инженер-конструктор,Не указана,По договоренности,Россия,https://www.superjob.ruhttps://nevinnomyssk.superjob.ru/vakansii/inzhener-konstruktor-51785622.html
Инженер-конструктор на производство,Не указана,По договоренности,Россия,https://www.superjob.ruhttps://www.superjob.ru/vakansii/inzhener-konstruktor-na-proizvodstvo-50387223.html
Старший инженер-проектировщик (Отдел Открытых горных работ),Не указана,(Отдел Открытых горных работ),Россия,https://www.superjob.ruhttps://nsk.superjob.ru/vakansii/starshij-inzhener-proektirovschik-49965890.html
Инженер-конструктор,Не указана,По договоренности,Россия,https://www.superjob.ruhttps://nsk.superjob.ru/vakansii/inzhener-konstruktor-51917800.html
Инженер-проектировщик,Не указана,По договоренности,Россия,https://www.superjob.ruhttps://barnaul.superjob.ru/vakansii/inzhener-proektirovschik-50376778.html
Инженер-проектировщик,Не указана,По договоренности,Россия,https://www.superjob.ruhttps://abaza.superjob.ru/vakansii/inzhener-proektirovschik-51140650.html
Помощник конструктора-технолога,Не указана,По договоренности,Россия,https://www.superjob.ruhttps://krasnoyarsk.superjob.ru/vakansii/pomoschnik-konstruktora-tehnologa-51904973.html
Инженер-проектировщик ППР,Не указана,По договоренности,Россия,https://www.superjob.ruhttps://yakutsk.superjob.ru/vakansii/inzhener-proektirovschik-ppr-51904418.html
Инженер-конструктор,Не указана,По договоренности,Россия,https://www.superjob.ruhttps://chita.superjob.ru/vakansii/inzhener-konstruktor-51734949.html
"Инженер, горный инженер-проектировщик",Не указана,По договоренности,Россия,https://www.superjob.ruhttps://habarovsk.superjob.ru/vakansii/inzhener-51920736.html
Инженер-конструктор,Не указана,По договоренности,Россия,https://www.superjob.ruhttps://habarovsk.superjob.ru/vakansii/inzhener-konstruktor-51788288.html
"Строительство, проектирование, недвижимость",Вакансии для инженера в Иннополисе,Работа в Иннополисе,Россия,https://www.superjob.ru/vakansii/stroitelstvo-proektirovanie-nedvizhimost/
Инженер-измеритель,Не указана,По договоренности,Россия,https://www.superjob.ruhttps://naberezhnye-chelny.superjob.ru/vakansii/inzhener-izmeritel-51325861.html
Инженер-технолог,Не указана,По договоренности,Россия,https://www.superjob.ruhttps://kazan.superjob.ru/vakansii/inzhener-tehnolog-51742702.html
Инженер по строительному контролю,Не указана,По договоренности,Россия,https://www.superjob.ruhttps://kazan.superjob.ru/vakansii/inzhener-po-stroitelnomu-kontrolyu-51887930.html
Сервисный инженер,Не указана,По договоренности,Россия,https://www.superjob.ruhttps://kazan.superjob.ru/vakansii/servisnyj-inzhener-49242785.html
Ведущий инженер ПТО/Инженер ПТО,Не указана,По договоренности,Россия,https://www.superjob.ruhttps://kazan.superjob.ru/vakansii/veduschij-inzhener-pto-51942251.html
Инженер по обслуживанию систем пожарной сигнализации вахта 60/60 (Чукотка),Не указана,по обслуживанию систем пожарной сигнализации вахта 60/60 (Чукотка),Россия,https://www.superjob.ruhttps://kazan.superjob.ru/vakansii/inzhener-po-obsluzhivaniyu-sistem-pozharnoj-signalizacii-vahta-60-51938768.html
Ведущий инженер по входному контролю (Египет),Не указана,По договоренности,Россия,https://www.superjob.ruhttps://kazan.superjob.ru/vakansii/veduschij-inzhener-po-vhodnomu-kontrolyu-50783428.html
Инженер пусконаладочных работ,Не указана,пусконаладочных работ,Россия,https://www.superjob.ruhttps://kazan.superjob.ru/vakansii/inzhener-puskonaladochnyh-rabot-51896184.html
Инженер средств радио и телевидения,Не указана,По договоренности,Россия,https://www.superjob.ruhttps://almetyevsk.superjob.ru/vakansii/inzhener-sredstv-radio-i-televideniya-49776440.html
Помощник сервисного инженера,Не указана,По договоренности,Россия,https://www.superjob.ruhttps://naberezhnye-chelny.superjob.ru/vakansii/pomoschnik-servisnogo-inzhenera-51070427.html
Сервисный инженер,Не указана,По договоренности,Россия,https://www.superjob.ruhttps://bolshie-kaybitsy.superjob.ru/vakansii/servisnyj-inzhener-51649391.html
Ведущий инженер по подключению абонентов,Не указана,По договоренности,Россия,https://www.superjob.ruhttps://urussu.superjob.ru/vakansii/veduschij-inzhener-po-podklyucheniyu-abonentov-51767151.html
Инженер линий связи,Не указана,По договоренности,Россия,https://www.superjob.ruhttps://elabuga.superjob.ru/vakansii/inzhener-linij-svyazi-51092334.html
Инженер (администратор баз данных),Не указана,По договоренности,Россия,https://www.superjob.ruhttps://kazan.superjob.ru/vakansii/inzhener-51888857.html
"Инженер (оперативно-эксплуатационная группа, 2 категории)",Не указана,По договоренности,Россия,https://www.superjob.ruhttps://kazan.superjob.ru/vakansii/inzhener-51888807.html
Инженер-электронщик,Не указана,По договоренности,Россия,https://www.superjob.ruhttps://kazan.superjob.ru/vakansii/inzhener-elektronschik-51847675.html
Ведущий сервисный инженер,Не указана,По договоренности,Россия,https://www.superjob.ruhttps://mamadysh.superjob.ru/vakansii/veduschij-servisnyj-inzhener-51072523.html
Инженер домофонных систем,Не указана,домофонных систем,Россия,https://www.superjob.ruhttps://naberezhnye-chelny.superjob.ru/vakansii/inzhener-domofonnyh-sistem-51071535.html
Ведущий инженер,Не указана,По договоренности,Россия,https://www.superjob.ruhttps://alekseevskoe.superjob.ru/vakansii/veduschij-inzhener-51906536.html
Инженер по эксплуатации сетей доступа,Не указана,по эксплуатации сетей доступа,Россия,https://www.superjob.ruhttps://kazan.superjob.ru/vakansii/inzhener-po-ekspluatacii-setej-dostupa-51261239.html
Инженер слаботочных систем / Инженер связи,Не указана,слаботочных систем /,Россия,https://www.superjob.ruhttps://mamadysh.superjob.ru/vakansii/inzhener-slabotochnyh-sistem-51320422.html
Главный инженер филиала,Не указана,По договоренности,Россия,https://www.superjob.ruhttps://laishevo.superjob.ru/vakansii/glavnyj-inzhener-filiala-51923250.html
Инженер группы сопровождения рабочих мест,Не указана,По договоренности,Россия,https://www.superjob.ruhttps://kazan.superjob.ru/vakansii/inzhener-gruppy-soprovozhdeniya-rabochih-mest-51922969.html
Ведущий инженер по эксплуатации зданий и сооружений,Не указана,По договоренности,Россия,https://www.superjob.ruhttps://chistopol.superjob.ru/vakansii/veduschij-inzhener-po-ekspluatacii-zdanij-i-sooruzhenij-51725315.html
Инженер-энергетик,Не указана,По договоренности,Россия,https://www.superjob.ruhttps://kazan.superjob.ru/vakansii/inzhener-energetik-51938689.html
Инженер по оптоволоконным сетям,Не указана,По договоренности,Россия,https://www.superjob.ruhttps://kazan.superjob.ru/vakansii/inzhener-po-optovolokonnym-setyam-51919028.html
Инженер-сметчик,Не указана,По договоренности,Россия,https://www.superjob.ruhttps://kazan.superjob.ru/vakansii/inzhener-smetchik-51878478.html
Ведущий инженер отдела эксплуатации СПД и КТВ,Не указана,отдела эксплуатации СПД и КТВ,Россия,https://www.superjob.ruhttps://naberezhnye-chelny.superjob.ru/vakansii/veduschij-inzhener-otdela-ekspluatacii-spd-i-ktv-51072539.html
Инженер по подключению и обслуживанию абонентов,Не указана,По договоренности,Россия,https://www.superjob.ruhttps://aznakaevo.superjob.ru/vakansii/inzhener-po-podklyucheniyu-i-obsluzhivaniyu-abonentov-51087277.html
Инженер по подключению и обслуживанию юридических лиц,Не указана,По договоренности,Россия,https://www.superjob.ruhttps://kazan.superjob.ru/vakansii/inzhener-po-podklyucheniyu-i-obsluzhivaniyu-yuridicheskih-lic-51917291.html
Ведущий инженер-сметчик (Египет),Не указана,По договоренности,Россия,https://www.superjob.ruhttps://kazan.superjob.ru/vakansii/veduschij-inzhener-smetchik-50639418.html
Инженер по эксплуатации Wi-Fi точек,Не указана,По договоренности,Россия,https://www.superjob.ruhttps://naberezhnye-chelny.superjob.ru/vakansii/inzhener-po-ekspluatacii-wi-fi-tochek-51071923.html
Инженер технического надзора,Не указана,По договоренности,Россия,https://www.superjob.ruhttps://kazan.superjob.ru/vakansii/inzhener-tehnicheskogo-nadzora-51782474.html
Инженер энергогруппы,Не указана,По договоренности,Россия,https://www.superjob.ruhttps://kazan.superjob.ru/vakansii/inzhener-energogruppy-49774927.html
Оператор/Техник/Сборщик/Инженер Беспилотной авиации (БПЛА),Не указана,Беспилотной авиации (БПЛА),Россия,https://www.superjob.ruhttps://kazan.superjob.ru/vakansii/operator-51939368.html
Инженер по обслуживанию базовых станций,Не указана,По договоренности,Россия,https://www.superjob.ruhttps://chistopol.superjob.ru/vakansii/inzhener-po-obsluzhivaniyu-bazovyh-stancij-51689844.html
Сервисный инженер,Не указана,По договоренности,Россия,https://www.superjob.ruhttps://kazan.superjob.ru/vakansii/servisnyj-inzhener-51902845.html
"Инженер (специальные технические средства, 2 категории)",Не указана,По договоренности,Россия,https://www.superjob.ruhttps://kazan.superjob.ru/vakansii/inzhener-51740870.html
1,Дальше,По договоренности,Россия,https://www.superjob.ru/vakansii/inzhener.html
2,Дальше,По договоренности,Россия,https://www.superjob.ru/vakansii/inzhener.html?page=2
3,Дальше,По договоренности,Россия,https://www.superjob.ru/vakansii/inzhener.html?page=3
7,Дальше,По договоренности,Россия,https://www.superjob.ru/vakansii/inzhener.html?page=7
Механик,Не указана,По договоренности,Россия,https://www.superjob.ru/vakansii/mehanik.html
Прораб,Не указана,По договоренности,Россия,https://www.superjob.ru/vakansii/prorab.html
Мастер,Не указана,По договоренности,Россия,https://www.superjob.ru/vakansii/master.html
Энергетик,Не указана,По договоренности,Россия,https://www.superjob.ru/vakansii/energetik.html
Инженер ПТО,Не указана,По договоренности,Россия,https://www.superjob.ru/vakansii/inzhener-pto.html
Инженер конструктор,Не указана,По договоренности,Россия,https://www.superjob.ru/vakansii/inzhener-konstruktor.html
Инженер проектировщик,Не указана,По договоренности,Россия,https://www.superjob.ru/vakansii/inzhener-proektirovschik.html
Инженер сметчик,Не указана,По договоренности,Россия,https://www.superjob.ru/vakansii/inzhener-smetchik.html
Инженер технолог,Не указана,По договоренности,Россия,https://www.superjob.ru/vakansii/inzhener-tehnolog.html
Инженер электрик,Не указана,По договоренности,Россия,https://www.superjob.ru/vakansii/inzhener-elektrik.html
Проектировщик,Не указана,По договоренности,Россия,https://www.superjob.ru/vakansii/proektirovschik.html
Инженер по эксплуатации,Не указана,По договоренности,Россия,https://www.superjob.ru/vakansii/inzhener-po-ekspluatacii.html
Инженер механик,Не указана,По договоренности,Россия,https://www.superjob.ru/vakansii/inzhener-mehanik.html
Инженер-энергетик,Не указана,По договоренности,Россия,https://www.superjob.ru/vakansii/inzhener-energetik.html
Инженер по сварке,Не указана,По договоренности,Россия,https://www.superjob.ru/vakansii/inzhener-po-svarke.html
Сбросить,Зарплата,По договоренности,Россия,https://www.superjob.ru/vakansii/inzhener.html?page=1
С указанной зарплатой49,Не указана,По договоренности,Россия,https://www.superjob.ru/vakansii/inzhener.html?payment_defined=1
Иннополис,Не указана,По договоренности,Россия,https://www.superjob.ruhttps://russia.superjob.ru/vakansii/inzhener.html
Казань26,Не указана,По договоренности,Россия,https://www.superjob.ruhttps://kazan.superjob.ru/vakansii/inzhener.html
За 24 часа5,За неделю,По договоренности,Россия,https://www.superjob.ru/vakansii/segodnya/inzhener.html
Скрыть вакансии агентств47,Не требующие высшего образования,Опыт работы не требуется,Россия,https://www.superjob.ru/vakansii/pryamoj-rabotodatel/inzhener.html
Опыт работы не требуется27,Не требующие высшего образования,Опыт работы не требуется,Россия,https://www.superjob.ru/vakansii/bez-opyta/inzhener.html
Не требующие высшего образования40,Скрыть вакансии агентств,Опыт работы не требуется,Россия,https://www.superjob.ru/vakansii/srednee/inzhener.html
Инженер связи,Не указана,По договоренности,Россия,https://www.superjob.ruhttps://kazan.superjob.ru/vakansii/inzhener-svyazi-51765676.html
Оператор/Техник/Сборщик/Инженер Беспилотной авиации (БПЛА),Не указана,Беспилотной авиации (БПЛА),Россия,https://www.superjob.ruhttps://ioshkar-ola.superjob.ru/vakansii/operator-51939367.html
Ведущий инженер связи,Не указана,По договоренности,Россия,https://www.superjob.ruhttps://chistopol.superjob.ru/vakansii/veduschij-inzhener-svyazi-51800805.html
Сервисный инженер,Не указана,По договоренности,Россия,https://www.superjob.ruhttps://ulyanovsk.superjob.ru/vakansii/servisnyj-inzhener-49656381.html
Инженер,Не указана,По договоренности,Россия,https://www.superjob.ruhttps://ulyanovsk.superjob.ru/vakansii/inzhener-51884755.html
Сервисный инженер-автослесарь,Не указана,По договоренности,Россия,https://www.superjob.ruhttps://ulyanovsk.superjob.ru/vakansii/servisnyj-inzhener-avtoslesar-51953820.html
Инженер по обслуживанию систем пожарной сигнализации вахта 60/60 (Чукотка),Не указана,по обслуживанию систем пожарной сигнализации вахта 60/60 (Чукотка),Россия,https://www.superjob.ruhttps://ulyanovsk.superjob.ru/vakansii/inzhener-po-obsluzhivaniyu-sistem-pozharnoj-signalizacii-vahta-60-51938776.html
Инженер линий связи,Не указана,По договоренности,Россия,https://www.superjob.ruhttps://naberezhnye-chelny.superjob.ru/vakansii/inzhener-linij-svyazi-51716575.html
Сервисный инженер,Не указана,По договоренности,Россия,https://www.superjob.ruhttps://naberezhnye-chelny.superjob.ru/vakansii/servisnyj-inzhener-51709258.html
Инженер средств радио и телевидения аварийно-профилактической группы,Не указана,По договоренности,Россия,https://www.superjob.ruhttps://naberezhnye-chelny.superjob.ru/vakansii/inzhener-sredstv-radio-i-televideniya-avarijno-profilakticheskoj-gruppy-50137576.html
Оператор/Техник/Сборщик/Инженер Беспилотной авиации (БПЛА),Не указана,Беспилотной авиации (БПЛА),Россия,https://www.superjob.ruhttps://naberezhnye-chelny.superjob.ru/vakansii/operator-51939376.html
Сервисный инженер (Вакуумные насосы Nash),Не указана,По договоренности,Россия,https://www.superjob.ruhttps://www.superjob.ru/vakansii/servisnyj-inzhener-51693598.html
Инженер по подготовке технико-коммерческих предложений (Промышленные насосы),Не указана,по подготовке технико-коммерческих предложений (Промышленные насосы),Россия,https://www.superjob.ruhttps://www.superjob.ru/vakansii/inzhener-po-podgotovke-tehniko-kommercheskih-predlozhenij-51895592.html
Техник-слаботочник (инженер систем безопасности),Не указана,Техник-слаботочник (,Россия,https://www.superjob.ruhttps://tolyatti.superjob.ru/vakansii/tehnik-slabotochnik-51934119.html
Инженер средств радио и телевидения (2 категории),Не указана,По договоренности,Россия,https://www.superjob.ruhttps://zhigulevsk.superjob.ru/vakansii/inzhener-sredstv-radio-i-televideniya-50456649.html
Ведущий инженер средств радио и телевидения,Не указана,По договоренности,Россия,https://www.superjob.ruhttps://zhigulevsk.superjob.ru/vakansii/veduschij-inzhener-sredstv-radio-i-televideniya-50396640.html
Инженер-сметчик,Не указана,По договоренности,Россия,https://www.superjob.ruhttps://saransk.superjob.ru/vakansii/inzhener-smetchik-51754699.html
Инженер-мехник,Не указана,По договоренности,Россия,https://www.superjob.ruhttps://saransk.superjob.ru/vakansii/inzhener-mehnik-51887083.html
Инженер по автоматизированным системам управления технологическими процессами,Не указана,По договоренности,Россия,https://www.superjob.ruhttps://saransk.superjob.ru/vakansii/inzhener-po-avtomatizirovannym-sistemam-upravleniya-tehnologicheskimi-processami-51886839.html
Ведущий инженер по метрологии,Не указана,По договоренности,Россия,https://www.superjob.ruhttps://syzran.superjob.ru/vakansii/veduschij-inzhener-po-metrologii-51932804.html
Инженер,Не указана,По договоренности,Россия,https://www.superjob.ruhttps://samara.superjob.ru/vakansii/inzhener-51850277.html
Сервисный инженер,Не указана,По договоренности,Россия,https://www.superjob.ruhttps://samara.superjob.ru/vakansii/servisnyj-inzhener-49656559.html
Ведущий инженер ПТО/Инженер ПТО,Не указана,По договоренности,Россия,https://www.superjob.ruhttps://samara.superjob.ru/vakansii/veduschij-inzhener-pto-51942248.html
Инженер охранно-пожарной сигнализации (Вахта),Не указана,По договоренности,Россия,https://www.superjob.ruhttps://samara.superjob.ru/vakansii/inzhener-ohranno-pozharnoj-signalizacii-51940140.html
Инженер пожарной охраны 1 категории,Не указана,По договоренности,Россия,https://www.superjob.ruhttps://samara.superjob.ru/vakansii/inzhener-pozharnoj-ohrany-1-kategorii-46890014.html
Инженер охранно-пожарной сигнализации,Не указана,По договоренности,Россия,https://www.superjob.ruhttps://samara.superjob.ru/vakansii/inzhener-ohranno-pozharnoj-signalizacii-48445542.html
Ведущий инженер-сметчик (Египет),Не указана,По договоренности,Россия,https://www.superjob.ruhttps://samara.superjob.ru/vakansii/veduschij-inzhener-smetchik-50639421.html
Инженер,Не указана,По договоренности,Россия,https://www.superjob.ruhttps://samara.superjob.ru/vakansii/inzhener-51954074.html
Инженер,Не указана,По договоренности,Россия,https://www.superjob.ruhttps://samara.superjob.ru/vakansii/inzhener-51917199.html
Инженер,Не указана,По договоренности,Россия,https://www.superjob.ruhttps://samara.superjob.ru/vakansii/inzhener-51917176.html
Инженер I категории,Не указана,По договоренности,Россия,https://www.superjob.ruhttps://samara.superjob.ru/vakansii/inzhener-i-kategorii-51917170.html
Инженер по обслуживанию систем пожарной сигнализации вахта 60/60 (Чукотка),Не указана,по обслуживанию систем пожарной сигнализации вахта 60/60 (Чукотка),Россия,https://www.superjob.ruhttps://samara.superjob.ru/vakansii/inzhener-po-obsluzhivaniyu-sistem-pozharnoj-signalizacii-vahta-60-51938772.html
Инженер средств радио и телевидения 1 категории аварийно-профилактической группы,Не указана,По договоренности,Россия,https://www.superjob.ruhttps://samara.superjob.ru/vakansii/inzhener-sredstv-radio-i-televideniya-1-kategorii-avarijno-profilakticheskoj-gruppy-50115265.html
Инженер средств радио и телевидения,Не указана,По договоренности,Россия,https://www.superjob.ruhttps://samara.superjob.ru/vakansii/inzhener-sredstv-radio-i-televideniya-50115346.html
"Инженер КИПиА, вахта 60/60",Не указана,По договоренности,Россия,https://www.superjob.ruhttps://samara.superjob.ru/vakansii/inzhener-kipia-51264175.html
Ведущий инженер по входному контролю (Египет),Не указана,По договоренности,Россия,https://www.superjob.ruhttps://samara.superjob.ru/vakansii/veduschij-inzhener-po-vhodnomu-kontrolyu-50783434.html
Инженер КИПиА вахта 60/60 (Чукотка),Не указана,КИПиА вахта 60/60 (Чукотка),Россия,https://www.superjob.ruhttps://samara.superjob.ru/vakansii/inzhener-kipia-vahta-60-51400300.html
Ведущий инженер по нормированию труда,Не указана,По договоренности,Россия,https://www.superjob.ruhttps://nn.superjob.ru/vakansii/veduschij-inzhener-po-normirovaniyu-truda-51870455.html
Инженер по строительному контролю,Не указана,По договоренности,Россия,https://www.superjob.ruhttps://nn.superjob.ru/vakansii/inzhener-po-stroitelnomu-kontrolyu-51887939.html
Инженер-дефектоскопист (Египет),Не указана,По договоренности,Россия,https://www.superjob.ruhttps://nn.superjob.ru/vakansii/inzhener-defektoskopist-50410563.html
Инженер по наладке и испытаниям,Не указана,По договоренности,Россия,https://www.superjob.ruhttps://nn.superjob.ru/vakansii/inzhener-po-naladke-i-ispytaniyam-51914931.html
Инженер-электроник (оборудование ЧПУ),Не указана,-электроник (оборудование ЧПУ),Россия,https://www.superjob.ruhttps://nn.superjob.ru/vakansii/inzhener-elektronik-51914892.html
Ведущий инженер-технолог,Не указана,По договоренности,Россия,https://www.superjob.ruhttps://nn.superjob.ru/vakansii/veduschij-inzhener-tehnolog-51914878.html
Ведущий инженер по охране окружающей среды (эколог),Не указана,По договоренности,Россия,https://www.superjob.ruhttps://nn.superjob.ru/vakansii/veduschij-inzhener-po-ohrane-okruzhayuschej-sredy-51923837.html
Ведущий инженер (сервисный центр),Не указана,По договоренности,Россия,https://www.superjob.ruhttps://nn.superjob.ru/vakansii/veduschij-inzhener-51914427.html
Инженер по техническому контролю качества продукции (КИМ),Не указана,По договоренности,Россия,https://www.superjob.ruhttps://nn.superjob.ru/vakansii/inzhener-po-tehnicheskomu-kontrolyu-kachestva-produkcii-51914278.html
Инженер по производственной системе,Не указана,По договоренности,Россия,https://www.superjob.ruhttps://nn.superjob.ru/vakansii/inzhener-po-proizvodstvennoj-sisteme-51923454.html
Ведущий инженер-электроник (схемотехник),Не указана,-электроник (схемотехник),Россия,https://www.superjob.ruhttps://nn.superjob.ru/vakansii/veduschij-inzhener-elektronik-51914060.html
Инженер по защите информации 3 категории,Не указана,По договоренности,Россия,https://www.superjob.ruhttps://nn.superjob.ru/vakansii/inzhener-po-zaschite-informacii-3-kategorii-51914034.html
Инженер по организации эксплуатации и ремонту,Не указана,По договоренности,Россия,https://www.superjob.ruhttps://izhevsk.superjob.ru/vakansii/inzhener-po-organizacii-ekspluatacii-i-remontu-45007965.html
Инженер-метролог,Не указана,По договоренности,Россия,https://www.superjob.ruhttps://izhevsk.superjob.ru/vakansii/inzhener-metrolog-51844998.html
Инженер КИПиА вахта 60/60 (Чукотка),Не указана,КИПиА вахта 60/60 (Чукотка),Россия,https://www.superjob.ruhttps://izhevsk.superjob.ru/vakansii/inzhener-kipia-vahta-60-51400302.html
Инженер,Не указана,По договоренности,Россия,https://www.superjob.ruhttps://izhevsk.superjob.ru/vakansii/inzhener-46002622.html
Инженер по проектно-сметной работе,Не указана,по проектно-сметной работе,Россия,https://www.superjob.ruhttps://izhevsk.superjob.ru/vakansii/inzhener-po-proektno-smetnoj-rabote-46002458.html
Инженер отдела планирования и учета электроэнергии,Не указана,отдела планирования и учета электроэнергии,Россия,https://www.superjob.ruhttps://izhevsk.superjob.ru/vakansii/inzhener-otdela-planirovaniya-i-ucheta-elektroenergii-50430601.html
Инженер цеха релейной защиты и автоматики,Не указана,По договоренности,Россия,https://www.superjob.ruhttps://izhevsk.superjob.ru/vakansii/inzhener-ceha-relejnoj-zaschity-i-avtomatiki-50430936.html
Ведущий инженер по договорной работе,Не указана,по договорной работе,Россия,https://www.superjob.ruhttps://izhevsk.superjob.ru/vakansii/veduschij-inzhener-po-dogovornoj-rabote-50999913.html
Ведущий инженер отдела электротехнического оборудования,Не указана,отдела электротехнического оборудования,Россия,https://www.superjob.ruhttps://izhevsk.superjob.ru/vakansii/veduschij-inzhener-otdela-elektrotehnicheskogo-oborudovaniya-51633472.html
Ведущий инженер отдела тепловодоснабжения,Не указана,отдела тепловодоснабжения,Россия,https://www.superjob.ruhttps://izhevsk.superjob.ru/vakansii/veduschij-inzhener-otdela-teplovodosnabzheniya-50430561.html
Оператор/Техник/Сборщик/Инженер Беспилотной авиации (БПЛА),Не указана,Беспилотной авиации (БПЛА),Россия,https://www.superjob.ruhttps://izhevsk.superjob.ru/vakansii/operator-51939365.html
Инженер пожарной охраны 1 категории,Не указана,По договоренности,Россия,https://www.superjob.ruhttps://novokuybyshevsk.superjob.ru/vakansii/inzhener-pozharnoj-ohrany-1-kategorii-46890015.html
Инженер КИПиА,Не указана,По договоренности,Россия,https://www.superjob.ruhttps://kirov.superjob.ru/vakansii/inzhener-kipia-46979726.html
Ведущий инженер отдела развития энергохозяйства,Не указана,отдела развития энергохозяйства,Россия,https://www.superjob.ruhttps://sarapul.superjob.ru/vakansii/veduschij-inzhener-otdela-razvitiya-energohozyajstva-51829679.html
"Ведущий инженер, инженер по ПБ, ОТ, экологии и пожарной безопасности, ГОиЧС",Не указана,"по ПБ, ОТ, экологии и пожарной безопасности, ГОиЧС",Россия,https://www.superjob.ruhttps://oktyabrskiy.superjob.ru/vakansii/veduschij-inzhener-51066649.html
"Главный технолог, ведущий инженер-технолог по машиностроению, металлообработке, ЧПУ в г. Октябрьский",Не указана,"-технолог по машиностроению, металлообработке, ЧПУ в г. Октябрьский",Россия,https://www.superjob.ruhttps://oktyabrskiy.superjob.ru/vakansii/glavnyj-tehnolog-51066082.html
Ведущий инженер-технолог по машиностроению,Не указана,По договоренности,Россия,https://www.superjob.ruhttps://oktyabrskiy.superjob.ru/vakansii/veduschij-inzhener-tehnolog-po-mashinostroeniyu-50967107.html
Рук-ль транспортной службы/Зам. главного инженера по БДД/Механик по транспорту в городе Октябрьский,Не указана,По договоренности,Россия,https://www.superjob.ruhttps://oktyabrskiy.superjob.ru/vakansii/ruk-l-transportnoj-sluzhby-51619885.html
"Инженер-электрик, механик-наладчик оборудования",Не указана,"-электрик, механик-наладчик оборудования",Россия,https://www.superjob.ruhttps://neftekamsk.superjob.ru/vakansii/inzhener-elektrik-50494598.html
Инженер КИПиА,Не указана,По договоренности,Россия,https://www.superjob.ruhttps://chaikovskiy.superjob.ru/vakansii/inzhener-kipia-51863047.html
Ведущий инженер КИПиА,Не указана,По договоренности,Россия,https://www.superjob.ruhttps://chaikovskiy.superjob.ru/vakansii/veduschij-inzhener-kipia-51863258.html
Инженер-технолог,Не указана,По договоренности,Россия,https://www.superjob.ruhttps://votkinsk.superjob.ru/vakansii/inzhener-tehnolog-51933678.html
Инженер-технолог,Не указана,По договоренности,Россия,https://www.superjob.ruhttps://zarechniy.superjob.ru/vakansii/inzhener-tehnolog-50805821.html
4,Дальше,По договоренности,Россия,https://www.superjob.ru/vakansii/inzhener.html?page=4
Ведущий инженер по эксплуатации технических средств,Не указана,По договоренности,Россия,https://www.superjob.ruhttps://penza.superjob.ru/vakansii/veduschij-inzhener-po-ekspluatacii-tehnicheskih-sredstv-51725222.html
Инженер,Не указана,По договоренности,Россия,https://www.superjob.ruhttps://penza.superjob.ru/vakansii/inzhener-51899647.html
Инженер по планированию ТОиР,Не указана,По договоренности,Россия,https://www.superjob.ruhttps://volsk.superjob.ru/vakansii/inzhener-po-planirovaniyu-toir-51734477.html
Инженер-технолог,Не указана,По договоренности,Россия,https://www.superjob.ruhttps://murom.superjob.ru/vakansii/inzhener-tehnolog-47375390.html
5,Дальше,По договоренности,Россия,https://www.superjob.ru/vakansii/inzhener.html?page=5
Электрик/инженер АСУТП/инженер КИП,Не указана,По договоренности,Россия,https://www.superjob.ruhttps://totskoe.superjob.ru/vakansii/elektrik-51707523.html
Ведущий инженер КИПиА,Не указана,По договоренности,Россия,https://www.superjob.ruhttps://permskiy-kray-osa.superjob.ru/vakansii/veduschij-inzhener-kipia-51863253.html
Инженер КИПиА,Не указана,По договоренности,Россия,https://www.superjob.ruhttps://chernushka.superjob.ru/vakansii/inzhener-kipia-51863048.html
Инженер-электроник,Не указана,По договоренности,Россия,https://www.superjob.ruhttps://nytva.superjob.ru/vakansii/inzhener-elektronik-50822935.html
Ведущий инженер-технолог,Не указана,По договоренности,Россия,https://www.superjob.ruhttps://nytva.superjob.ru/vakansii/veduschij-inzhener-tehnolog-51877197.html
Инженер ПТО (Усть-Луга),Не указана,По договоренности,Россия,https://www.superjob.ruhttps://ufa.superjob.ru/vakansii/inzhener-pto-51074058.html
Инженер по строительному контролю,Не указана,По договоренности,Россия,https://www.superjob.ruhttps://ufa.superjob.ru/vakansii/inzhener-po-stroitelnomu-kontrolyu-51887922.html
Ведущий инженер ПТО/Инженер ПТО,Не указана,По договоренности,Россия,https://www.superjob.ruhttps://ufa.superjob.ru/vakansii/veduschij-inzhener-pto-51942246.html
Инженер-химик,Не указана,По договоренности,Россия,https://www.superjob.ruhttps://ufa.superjob.ru/vakansii/inzhener-himik-48830128.html
Инженер охранно-пожарной сигнализации (Вахта),Не указана,По договоренности,Россия,https://www.superjob.ruhttps://ufa.superjob.ru/vakansii/inzhener-ohranno-pozharnoj-signalizacii-51940131.html
Инженер по проектированию,Не указана,По договоренности,Россия,https://www.superjob.ruhttps://ufa.superjob.ru/vakansii/inzhener-po-proektirovaniyu-51878362.html
Ведущий инженер-сметчик (Египет),Не указана,По договоренности,Россия,https://www.superjob.ruhttps://ufa.superjob.ru/vakansii/veduschij-inzhener-smetchik-50639422.html
Инженер по обслуживанию систем пожарной сигнализации вахта 60/60 (Чукотка),Не указана,по обслуживанию систем пожарной сигнализации вахта 60/60 (Чукотка),Россия,https://www.superjob.ruhttps://ufa.superjob.ru/vakansii/inzhener-po-obsluzhivaniyu-sistem-pozharnoj-signalizacii-vahta-60-51938761.html
Инженер вентиляционных систем (вахта 60/60) | Чукотка | З/п от 282 000 ₽ за вахту,Не указана,З/п от 282 000 ₽ за вахту,Россия,https://www.superjob.ruhttps://ufa.superjob.ru/vakansii/inzhener-ventilyacionnyh-sistem-51323564.html
"Инженер КИПиА, вахта 60/60",Не указана,По договоренности,Россия,https://www.superjob.ruhttps://ufa.superjob.ru/vakansii/inzhener-kipia-51264174.html
Ведущий инженер по входному контролю (Египет),Не указана,По договоренности,Россия,https://www.superjob.ruhttps://ufa.superjob.ru/vakansii/veduschij-inzhener-po-vhodnomu-kontrolyu-50783429.html
Инженер КИПиА вахта 60/60 (Чукотка),Не указана,КИПиА вахта 60/60 (Чукотка),Россия,https://www.superjob.ruhttps://ufa.superjob.ru/vakansii/inzhener-kipia-vahta-60-51400299.html
Оператор/Техник/Сборщик/Инженер Беспилотной авиации (БПЛА),Не указана,Беспилотной авиации (БПЛА),Россия,https://www.superjob.ruhttps://ivanovo.superjob.ru/vakansii/operator-51939364.html
Ведущий инженер по организации и нормированию труда,Не указана,По договоренности,Россия,https://www.superjob.ruhttps://perm.superjob.ru/vakansii/veduschij-inzhener-po-organizacii-i-normirovaniyu-truda-51941899.html
Инженер-технолог (бюро сварки и литья) / Технолог литейного производства,Не указана,По договоренности,Россия,https://www.superjob.ruhttps://perm.superjob.ru/vakansii/inzhener-tehnolog-51651937.html
Инженер-лаборант,Не указана,По договоренности,Россия,https://www.superjob.ruhttps://vladimir.superjob.ru/vakansii/inzhener-laborant-49769633.html
Инженер по планированию ремонтов,Не указана,По договоренности,Россия,https://www.superjob.ruhttps://www.superjob.ru/vakansii/inzhener-po-planirovaniyu-remontov-51349819.html
Инженер ПТО,Не указана,По договоренности,Россия,https://www.superjob.ruhttps://orenburg.superjob.ru/vakansii/inzhener-pto-48705011.html
Ведущий инженер по сбыту тепловой энергии,Не указана,По договоренности,Россия,https://www.superjob.ruhttps://vologda.superjob.ru/vakansii/veduschij-inzhener-po-sbytu-teplovoj-energii-51827013.html
Инженер по БД / Инженер по эксплуатации автотранспорта,Не указана,по эксплуатации автотранспорта,Россия,https://www.superjob.ruhttps://dzerzhinskiy.superjob.ru/vakansii/inzhener-po-bd-49539791.html
Инженер технического контроля (ОТК),Не указана,технического контроля (ОТК),Россия,https://www.superjob.ruhttps://domodedovo.superjob.ru/vakansii/inzhener-tehnicheskogo-kontrolya-49967606.html
Инженер ЭТЛ (руководитель группы),Не указана,По договоренности,Россия,https://www.superjob.ruhttps://vidnoe.superjob.ru/vakansii/inzhener-etl-51896424.html
Начинающий инженер-исследователь в области ИИ,Не указана,-исследователь в области ИИ,Россия,https://www.superjob.ruhttps://www.superjob.ru/vakansii/nachinayuschij-inzhener-issledovatel-v-oblasti-ii-51754773.html
Инженер по проектно-сметной работе,Не указана,по проектно-сметной работе,Россия,https://www.superjob.ruhttps://www.superjob.ru/vakansii/inzhener-po-proektno-smetnoj-rabote-51593835.html
Инженер по обработке данных,Не указана,по обработке данных,Россия,https://www.superjob.ruhttps://www.superjob.ru/vakansii/inzhener-po-obrabotke-dannyh-51919055.html
Главный инженер,Не указана,По договоренности,Россия,https://www.superjob.ruhttps://www.superjob.ru/vakansii/glavnyj-inzhener-44391092.html
Инженер слаботочных систем / Инженер АСУ ТП,Не указана,слаботочных систем /,Россия,https://www.superjob.ruhttps://www.superjob.ru/vakansii/inzhener-slabotochnyh-sistem-28525606.html
Стажер Инженер службы поддержки,Не указана,По договоренности,Россия,https://www.superjob.ruhttps://www.superjob.ru/vakansii/stazher-inzhener-sluzhby-podderzhki-51692652.html
Инженер,Не указана,По договоренности,Россия,https://www.superjob.ruhttps://www.superjob.ru/vakansii/inzhener-51073565.html
Инженер по метрологии,Не указана,По договоренности,Россия,https://www.superjob.ruhttps://www.superjob.ru/vakansii/inzhener-po-metrologii-51939193.html
6,Дальше,По договоренности,Россия,https://www.superjob.ru/vakansii/inzhener.html?page=6
Инженер по эксплуатации зданий и сооружений,Не указана,По договоренности,Россия,https://www.superjob.ruhttps://istra.superjob.ru/vakansii/inzhener-po-ekspluatacii-zdanij-i-sooruzhenij-51697710.html
Инженер II категории,Не указана,По договоренности,Россия,https://www.superjob.ruhttps://voronezh.superjob.ru/vakansii/inzhener-ii-kategorii-51896930.html
Инженер технической поддержки рабочих мест,Не указана,По договоренности,Россия,https://www.superjob.ruhttps://voronezh.superjob.ru/vakansii/inzhener-tehnicheskoj-podderzhki-rabochih-mest-51878411.html
Инженер-электронщик,Не указана,По договоренности,Россия,https://www.superjob.ruhttps://voronezh.superjob.ru/vakansii/inzhener-elektronschik-46197090.html
Инженер по распределительным электрическим сетям,Не указана,По договоренности,Россия,https://www.superjob.ruhttps://tver.superjob.ru/vakansii/inzhener-po-raspredelitelnym-elektricheskim-setyam-45327769.html
Сервисный инженер,Не указана,По договоренности,Россия,https://www.superjob.ruhttps://kaluga.superjob.ru/vakansii/servisnyj-inzhener-51915755.html
Инженер по планированию,Не указана,По договоренности,Россия,https://www.superjob.ruhttps://www.superjob.ru/vakansii/inzhener-po-planirovaniyu-51683105.html
Инженер участка транспорта электроэнергии,Не указана,По договоренности,Россия,https://www.superjob.ruhttps://volgograd.superjob.ru/vakansii/inzhener-uchastka-transporta-elektroenergii-51686264.html
Инженер по эксплуатации зданий,Не указана,По договоренности,Россия,https://www.superjob.ruhttps://volgograd.superjob.ru/vakansii/inzhener-po-ekspluatacii-zdanij-51875531.html
Инженер КИПиА,Не указана,По договоренности,Россия,https://www.superjob.ruhttps://www.superjob.ru/vakansii/inzhener-kipia-49857077.html
Инженер ПТО (Усть-Луга),Не указана,По договоренности,Россия,https://www.superjob.ruhttps://rnd.superjob.ru/vakansii/inzhener-pto-51150836.html
Ведущий инженер-технолог,Не указана,По договоренности,Россия,https://www.superjob.ruhttps://rnd.superjob.ru/vakansii/veduschij-inzhener-tehnolog-47663914.html
Инженер по обслуживанию и эксплуатации вентиляционного оборудования,Не указана,по обслуживанию и эксплуатации вентиляционного оборудования,Россия,https://www.superjob.ruhttps://spb.superjob.ru/vakansii/inzhener-po-obsluzhivaniyu-i-ekspluatacii-ventilyacionnogo-oborudovaniya-51673590.html
Инженер по сопровождению проектов дирекции строительства (по работе УК и гарантиям),Не указана,по сопровождению проектов дирекции строительства (по работе УК и гарантиям),Россия,https://www.superjob.ruhttps://spb.superjob.ru/vakansii/inzhener-po-soprovozhdeniyu-proektov-direkcii-stroitelstva-51725249.html
Ведущий инженер (отдел капитального ремонта и строительного контроля),Не указана,(отдел капитального ремонта и строительного контроля),Россия,https://www.superjob.ruhttps://spb.superjob.ru/vakansii/veduschij-inzhener-51827253.html
Инженер акустик,Не указана,По договоренности,Россия,https://www.superjob.ruhttps://spb.superjob.ru/vakansii/inzhener-akustik-51658340.html
Инженер по техническому надзору 1 категории,Не указана,По договоренности,Россия,https://www.superjob.ruhttps://spb.superjob.ru/vakansii/inzhener-po-tehnicheskomu-nadzoru-1-kategorii-51735460.html
Инженер проекта / Инженер ПТО (Красное село),Не указана,По договоренности,Россия,https://www.superjob.ruhttps://spb.superjob.ru/vakansii/inzhener-proekta-51880427.html
"Техник (сервисный инженер по наладке станков, механик)",Не указана,По договоренности,Россия,https://www.superjob.ruhttps://spb.superjob.ru/vakansii/tehnik-51935067.html
Территориальный инженер,Не указана,По договоренности,Россия,https://www.superjob.ruhttps://spb.superjob.ru/vakansii/territorialnyj-inzhener-50756026.html
Инженер-инспектор 1 категории (Центр обработки вызовов 004),Не указана,-инспектор 1 категории (Центр обработки вызовов 004),Россия,https://www.superjob.ruhttps://spb.superjob.ru/vakansii/inzhener-inspektor-1-kategorii-51694698.html
Инженер ПТО,Не указана,По договоренности,Россия,https://www.superjob.ruhttps://mariupol.superjob.ru/vakansii/inzhener-pto-50808982.html
Инженер-химик на производство,Не указана,По договоренности,Россия,https://www.superjob.ruhttps://tihoretsk.superjob.ru/vakansii/inzhener-himik-na-proizvodstvo-51889983.html
Инженер-химик,Не указана,По договоренности,Россия,https://www.superjob.ruhttps://kingisepp.superjob.ru/vakansii/inzhener-himik-51901461.html
"Инженер по радионавигации, радиолокации и связи",Не указана,По договоренности,Россия,https://www.superjob.ruhttps://khanty-mansiisk.superjob.ru/vakansii/inzhener-po-radionavigacii-51715958.html
Начинающий сервисный инженер,Не указана,По договоренности,Россия,https://www.superjob.ruhttps://www.superjob.ru/vakansii/nachinayuschij-servisnyj-inzhener-51886663.html
Инженер по эксплуатации МКД,Не указана,По договоренности,Россия,https://www.superjob.ruhttps://omsk.superjob.ru/vakansii/inzhener-po-ekspluatacii-mkd-51881512.html
Инженер ПТО,Не указана,По договоренности,Россия,https://www.superjob.ruhttps://novyi-urengoi.superjob.ru/vakansii/inzhener-pto-51129790.html
Инженер-геомеханик,Не указана,По договоренности,Россия,https://www.superjob.ruhttps://novokuznetsk.superjob.ru/vakansii/inzhener-geomehanik-51678685.html
Инженер по автоматизированному приводу,Не указана,По договоренности,Россия,https://www.superjob.ruhttps://magadan.superjob.ru/vakansii/inzhener-po-avtomatizirovannomu-privodu-51900523.html
Инженер КИПиА,Не указана,По договоренности,Россия,https://www.superjob.ruhttps://ussuriysk.superjob.ru/vakansii/inzhener-kipia-51862564.html
Инженер АСУ ТП,Не указана,По договоренности,Россия,https://www.superjob.ruhttps://vladivostok.superjob.ru/vakansii/inzhener-asu-tp-51697867.html
Инженер-дефектоскопист II категории,Не указана,По договоренности,Россия,https://www.superjob.ruhttps://velikie-luki.superjob.ru/vakansii/inzhener-defektoskopist-ii-kategorii-51757869.html
Инженер ПТО,Не указана,По договоренности,Россия,https://www.superjob.ruhttps://svobodniy.superjob.ru/vakansii/inzhener-pto-51886088.html
Сервис-инженер,Не указана,По договоренности,Россия,https://www.superjob.ruhttps://chegdomyn.superjob.ru/vakansii/servis-inzhener-45906853.html
Инженер вентиляционных систем (вахта 60/60) | Чукотка | З/п от 282 000 ₽ за вахту,Не указана,З/п от 282 000 ₽ за вахту,Россия,https://www.superjob.ruhttps://tyumen.superjob.ru/vakansii/inzhener-ventilyacionnyh-sistem-51323563.html
"Инженер КИПиА, вахта 60/60",Не указана,По договоренности,Россия,https://www.superjob.ruhttps://orenburg.superjob.ru/vakansii/inzhener-kipia-51264183.html
Инженер по проектированию,Не указана,По договоренности,Россия,https://www.superjob.ruhttps://uchaly.superjob.ru/vakansii/inzhener-po-proektirovaniyu-51878357.html
